-- phpMyAdmin SQL Dump
-- version 4.9.0.1
-- https://www.phpmyadmin.net/
--
-- Servidor: localhost:8889
-- Tiempo de generación: 01-03-2023 a las 13:36:08
-- Versión del servidor: 5.7.26
-- Versión de PHP: 7.3.7

SET SQL_MODE = "NO_AUTO_VALUE_ON_ZERO";
SET time_zone = "+00:00";

--
-- Base de datos: `miparadaLast`
--

-- --------------------------------------------------------

--
-- Estructura de tabla para la tabla `mc_empresas`
--

CREATE TABLE `mc_empresas` (
  `id` int(11) NOT NULL,
  `nombre` varchar(45) COLLATE utf8_unicode_ci NOT NULL,
  `descripcion` varchar(100) COLLATE utf8_unicode_ci DEFAULT NULL
) ENGINE=InnoDB DEFAULT CHARSET=utf8 COLLATE=utf8_unicode_ci;

--
-- Volcado de datos para la tabla `mc_empresas`
--

INSERT INTO `mc_empresas` (`id`, `nombre`, `descripcion`) VALUES
(1, 'Unión Bus', 'Capital'),
(2, 'Xibi Xibi', 'Capital'),
(3, 'El Urbano', 'Capital'),
(4, 'San Jorge', 'Capital'),
(5, 'Santa Ana', 'Capital');

-- --------------------------------------------------------

--
-- Estructura de tabla para la tabla `mc_lineas_colectivos`
--

CREATE TABLE `mc_lineas_colectivos` (
  `id` int(11) NOT NULL,
  `nombre` varchar(45) COLLATE utf8_unicode_ci NOT NULL,
  `descripcion` varchar(100) COLLATE utf8_unicode_ci DEFAULT NULL,
  `id_empresa` int(11) NOT NULL
) ENGINE=InnoDB DEFAULT CHARSET=utf8 COLLATE=utf8_unicode_ci;

--
-- Volcado de datos para la tabla `mc_lineas_colectivos`
--

INSERT INTO `mc_lineas_colectivos` (`id`, `nombre`, `descripcion`, `id_empresa`) VALUES
(1, '2', 'circuito', 1),
(2, '4', 'circuito', 1),
(3, '6', 'circuito', 1),
(4, '8', 'circuito', 1),
(5, '16', 'circuito', 1),
(6, '18', 'circuito', 1),
(7, '33', 'circuito', 1),
(8, '46', 'circuito', 1),
(9, '49', 'circuito', 1),
(10, '5', 'circuito', 2),
(11, '21', 'circuito', 2),
(12, '25', 'circuito', 2),
(13, '26', 'circuito', 2),
(14, '27', 'circuito', 2),
(15, '32', 'circuito', 2),
(16, '37', 'circuito', 2),
(17, '40', 'circuito', 2),
(18, '44', 'circuito', 2),
(19, '9', 'circuito', 3),
(20, '13', 'circuito', 3),
(21, '14', 'circuito', 3),
(22, '22', 'circuito', 3),
(23, '31', 'circuito', 3),
(24, '42', 'circuito', 3),
(25, '43', 'circuito', 3),
(26, '47', 'circuito', 3),
(27, '48', 'circuito', 3),
(28, '1', 'circuito', 4),
(29, '3', 'circuito', 4),
(30, '7', 'circuito', 4),
(31, '23', 'circuito', 4),
(32, '41', 'circuito', 4),
(33, '45', 'circuito', 4),
(34, '10', 'circuito', 5),
(35, '12', 'circuito', 5),
(36, '15', 'circuito', 5),
(37, '17', 'circuito', 5),
(38, '24', 'circuito', 5),
(39, '29', 'circuito', 5),
(40, '35', 'circuito', 5),
(41, '36', 'circuito', 5),
(42, '38', 'circuito', 5),
(43, '39', 'circuito', 5);

-- --------------------------------------------------------

--
-- Estructura de tabla para la tabla `mc_paradas_colectivos`
--

CREATE TABLE `mc_paradas_colectivos` (
  `id` int(11) NOT NULL,
  `nombre` varchar(25) COLLATE utf8_unicode_ci NOT NULL,
  `latitud` double NOT NULL,
  `longitud` double NOT NULL,
  `id_linea` int(11) NOT NULL
) ENGINE=InnoDB DEFAULT CHARSET=utf8 COLLATE=utf8_unicode_ci;

--
-- Volcado de datos para la tabla `mc_paradas_colectivos`
--

INSERT INTO `mc_paradas_colectivos` (`id`, `nombre`, `latitud`, `longitud`, `id_linea`) VALUES
(1, 'Parada 1', -24.256756950039666, -65.27004428207874, 1),
(2, 'Parada 2', -24.257117952652745, -65.26889696717262, 1),
(3, 'Parada 3', -24.257300746133666, -65.26710323989391, 1),
(4, 'Parada 4', -24.257490569854948, -65.26536650955677, 1),
(5, 'Parada 5', -24.255414109138254, -65.26078999042511, 1),
(6, 'Parada 6', -24.251603151530958, -65.26036821305752, 1),
(7, 'Parada 7', -24.251136364802925, -65.2625522017479, 1),
(8, 'Parada 8', -24.25049930667418, -65.26897240430117, 1),
(9, 'Parada 9', -24.249939585502567, -65.27484510093927, 1),
(10, 'Parada 10', -24.248544704383004, -65.27599509805441, 1),
(11, 'Parada 11', -24.226030987236424, -65.27443002909422, 1),
(12, 'Parada 12', -24.21879399369123, -65.27378395199776, 1),
(13, 'Parada 13', -24.212983370842434, -65.28402227908371, 1),
(14, 'Parada 14', -24.209371129298738, -65.29005791991949, 1),
(15, 'Parada 15', -24.208178850005265, -65.29126893728971, 1),
(16, 'Parada 16', -24.207053222923598, -65.29236998409031, 1),
(17, 'Parada 17', -24.20562056445942, -65.29374327510597, 1),
(18, 'Parada 18', -24.204985113351178, -65.29447384178638, 1),
(19, 'Parada 19', -24.203179656534026, -65.29629673808813, 1),
(20, 'Parada 20', -24.20187111248139, -65.29752183705568, 1),
(21, 'Parada 21', -24.200532585539506, -65.29715906828642, 1),
(22, 'Parada 22', -24.198987008275253, -65.29664643108843, 1),
(23, 'Parada 23', -24.19557560156017, -65.2954712882638, 1),
(24, 'Parada 24', -24.193184351356187, -65.29872480779886, 1),
(25, 'Parada 25', -24.19270664642797, -65.30195385217667, 1),
(26, 'Parada 26', -24.189053765468692, -65.30206080526114, 1),
(27, 'Parada 27', -24.1857353761946, -65.29365006834267, 1),
(28, 'Parada 28', -24.18417065689062, -65.29793322086334, 1),
(29, 'Parada 29', -24.181506369213402, -65.30457235872746, 1),
(30, 'Parada 30', -24.180827060240453, -65.307462438941, 1),
(31, 'Parada 31', -24.180110738621817, -65.31184718012811, 1),
(32, 'Parada 32', -24.180175580880913, -65.31467322260141, 1),
(33, 'Parada 33', -24.18214224317851, -65.31235948204994, 1),
(34, 'Parada 34', -24.184855759182216, -65.31118836253881, 1),
(35, 'Parada 35', -24.189080985079052, -65.30693236738443, 1),
(36, 'Parada 36', -24.193821084592336, -65.30110325664282, 1),
(37, 'Parada 37', -24.19733926894224, -65.29631048440932, 1),
(38, 'Parada 38', -24.19999649804099, -65.29723718762398, 1),
(39, 'Parada 39', -24.201272033963157, -65.29767908155918, 1),
(40, 'Parada 40', -24.20327781973179, -65.29640704393387, 1),
(41, 'Parada 41', -24.20554533797766, -65.29424451291561, 1),
(42, 'Parada 42', -24.20714771359878, -65.29264558106662, 1),
(43, 'Parada 43', -24.209910235252853, -65.28929717838764, 1),
(44, 'Parada 44', -24.225936816316555, -65.27462650090456, 1),
(45, 'Parada 45', -24.23000567034597, -65.27594581246376, 1),
(46, 'Parada 46', -24.248627853543827, -65.27613222599031, 1),
(47, 'Parada 47', -24.25055371963322, -65.26971336454153, 1),
(48, 'Parada 48', -24.250949894183847, -65.26555627584457, 1),
(49, 'Parada 49', -24.254473531275128, -65.26307456195354, 1),
(50, 'Parada 50', -24.254911877495235, -65.2625786885619, 1),
(51, 'Parada 51', -24.256250444222193, -65.26685513556002, 1),
(101, 'Parada 1', -24.20760609940738, -65.2685459330678, 3),
(102, 'Parada 2', -24.20936103824098, -65.2706303447485, 3),
(103, 'Parada 3', -24.208525923994916, -65.27174580842257, 3),
(104, 'Parada 4', -24.207398159418318, -65.2729957178235, 3),
(105, 'Parada 5', -24.20649698027978, -65.2740441262722, 3),
(106, 'Parada 6', -24.20535329618874, -65.27528330683708, 3),
(107, 'Parada 7', -24.204469533271258, -65.27633842080832, 3),
(108, 'Parada 8', -24.20316161406889, -65.27707267552613, 3),
(109, 'Parada 9', -24.200120351884646, -65.2789294347167, 3),
(110, 'Parada 10', -24.19888027895974, -65.27965664863585, 3),
(111, 'Parada 11', -24.19737902533868, -65.28109900653362, 3),
(112, 'Parada 12', -24.194719295091904, -65.28362665325403, 3),
(113, 'Parada 13', -24.193885002402517, -65.28603594750166, 3),
(114, 'Parada 14', -24.190418408892246, -65.291251167655, 3),
(115, 'Parada 15', -24.19153959536466, -65.29546961188318, 3),
(116, 'Parada 16', -24.193301789425576, -65.29667191207409, 3),
(117, 'Parada 17', -24.191887937981974, -65.30115991830826, 3),
(118, 'Parada 18', -24.18901614734594, -65.3015585616231, 3),
(119, 'Parada 19', -24.185180875634305, -65.29468271881343, 3),
(120, 'Parada 20', -24.183154924803066, -65.30023992061615, 3),
(121, 'Parada 21', -24.180918817629493, -65.3069632127881, 3),
(122, 'Parada 22', -24.180082905377844, -65.3110009431839, 3),
(123, 'Parada 23', -24.184419618595342, -65.31870558857918, 3),
(124, 'Parada 24', -24.184011614761058, -65.31966850161552, 3),
(125, 'Parada 25', -24.182526090526945, -65.32401703298092, 3),
(126, 'Parada 26', -24.183814341074886, -65.3256444633007, 3),
(127, 'Parada 27', -24.18505975991267, -65.32672371715307, 3),
(128, 'Parada 28', -24.18590450909046, -65.32476838678122, 3),
(129, 'Parada 29', -24.184487211308475, -65.32317917793989, 3),
(130, 'Parada 30', -24.185253055656137, -65.32121244817972, 3),
(131, 'Parada 31', -24.185940293055964, -65.31943649053574, 3),
(132, 'Parada 32', -24.182965601969162, -65.31132448464632, 3),
(133, 'Parada 33', -24.189031745105503, -65.30311927199364, 3),
(134, 'Parada 34', -24.188750067624294, -65.30037838965653, 3),
(135, 'Parada 35', -24.191179018466293, -65.30139695852996, 3),
(136, 'Parada 36', -24.191753066194728, -65.29675908386707, 3),
(137, 'Parada 37', -24.1921420837513, -65.2938274294138, 3),
(138, 'Parada 38', -24.191436223974698, -65.28764594346285, 3),
(139, 'Parada 39', -24.195959714307694, -65.28611306101084, 3),
(140, 'Parada 40', -24.195866744449468, -65.28326690196991, 3),
(141, 'Parada 41', -24.197310827820267, -65.28143394738436, 3),
(142, 'Parada 42', -24.198996794339823, -65.2797756716609, 3),
(143, 'Parada 43', -24.20062830429093, -65.27885902673006, 3),
(144, 'Parada 44', -24.201767137851128, -65.27823876589537, 3),
(145, 'Parada 45', -24.203040209618457, -65.27751389890909, 3),
(146, 'Parada 46', -24.204500419206653, -65.27664653956892, 3),
(147, 'Parada 47', -24.207327520903675, -65.2734651044011, 3),
(148, 'Parada 48', -24.208518279203567, -65.27205694466828, 3),
(149, 'Parada 49', -24.20947846140904, -65.27051132172346, 3),
(150, 'Parada 50', -24.208524700828338, -65.26950147002935, 3),
(151, 'Parada 1', -24.2548455448658, -65.27086369693279, 4),
(152, 'Parada 2', -24.25526585472082, -65.26913937181234, 4),
(153, 'Parada 3', -24.25536489480441, -65.26757128536701, 4),
(154, 'Parada 4', -24.2565029331921, -65.26511203497648, 4),
(155, 'Parada 5', -24.255353278996132, -65.26524648070335, 4),
(156, 'Parada 6', -24.255235286778206, -65.26684541255236, 4),
(157, 'Parada 7', -24.25498921457251, -65.26982132345438, 4),
(158, 'Parada 8', -24.25467314100345, -65.27282807976009, 4),
(159, 'Parada 9', -24.254569515165226, -65.27400925755501, 4),
(160, 'Parada 10', -24.254475671044165, -65.27506403625011, 4),
(161, 'Parada 11', -24.234818539738587, -65.27493730187416, 4),
(162, 'Parada 12', -24.226046886216025, -65.27443405240774, 4),
(163, 'Parada 13', -24.218858816279063, -65.27378696948288, 4),
(164, 'Parada 14', -24.215811201669286, -65.27729898691177, 4),
(165, 'Parada 15', -24.212865645122964, -65.28423953801394, 4),
(166, 'Parada 16', -24.208168147268108, -65.29126089066267, 4),
(167, 'Parada 17', -24.20302277874328, -65.29637351632118, 4),
(168, 'Parada 18', -24.2017396151407, -65.29763851314783, 4),
(169, 'Parada 19', -24.200461331598017, -65.29717214405537, 4),
(170, 'Parada 20', -24.195632178749314, -65.29545117169619, 4),
(171, 'Parada 21', -24.193311881754624, -65.2967094630003, 4),
(172, 'Parada 22', -24.192682485887897, -65.30174966901541, 4),
(173, 'Parada 23', -24.189017676538132, -65.30193373560904, 4),
(174, 'Parada 24', -24.185590099115892, -65.29390554875135, 4),
(175, 'Parada 25', -24.184106428362167, -65.29807437211275, 4),
(176, 'Parada 26', -24.181490158820782, -65.30459146946669, 4),
(177, 'Parada 27', -24.18083745941452, -65.30745271593334, 4),
(178, 'Parada 28', -24.1800192865117, -65.31202353537083, 4),
(179, 'Parada 29', -24.180243787561295, -65.31469199806452, 4),
(180, 'Parada 30', -24.1803655195729, -65.31467221677302, 4),
(181, 'Parada 31', -24.182170687682984, -65.3123065084219, 4),
(182, 'Parada 32', -24.184877168569543, -65.31120546162128, 4),
(183, 'Parada 33', -24.18906691651713, -65.30674561858177, 4),
(184, 'Parada 34', -24.193668476868158, -65.30125312507153, 4),
(185, 'Parada 35', -24.19540495237278, -65.29813036322594, 4),
(186, 'Parada 36', -24.1974848384565, -65.29642347246408, 4),
(187, 'Parada 37', -24.198635932711863, -65.296835526824, 4),
(188, 'Parada 38', -24.201421574500134, -65.29779441654682, 4),
(189, 'Parada 39', -24.203357023004482, -65.29644593596458, 4),
(190, 'Parada 40', -24.207307032669153, -65.2924869954586, 4),
(191, 'Parada 41', -24.210047534135995, -65.28876140713692, 4),
(192, 'Parada 42', -24.225915108075146, -65.27471467852592, 4),
(193, 'Parada 43', -24.230318442065848, -65.27592469006775, 4),
(194, 'Parada 44', -24.23423826567949, -65.275291018188, 4),
(195, 'Parada 45', -24.248848259696125, -65.27609769254923, 4),
(196, 'Parada 46', -24.250446116455755, -65.27108632028103, 4),
(197, 'Parada 47', -24.25057328383753, -65.26962921023369, 4),
(198, 'Parada 1', -24.20721407108607, -65.26310741901398, 5),
(199, 'Parada 2', -24.207851957427284, -65.26371594518423, 5),
(200, 'Parada 3', -24.208524700828338, -65.26450786739588, 5),
(201, 'Parada 4', -24.21081781176405, -65.26693191379309, 5),
(202, 'Parada 5', -24.2117990757259, -65.2680017799139, 5),
(203, 'Parada 6', -24.20957142134037, -65.27051031589508, 5),
(204, 'Parada 7', -24.207470632658907, -65.27286160737276, 5),
(205, 'Parada 8', -24.206432762995817, -65.27409106492996, 5),
(206, 'Parada 9', -24.20319892221432, -65.27705892920494, 5),
(207, 'Parada 10', -24.201807504482364, -65.27784749865533, 5),
(208, 'Parada 11', -24.20011729376649, -65.27889490127565, 5),
(209, 'Parada 12', -24.198716056314083, -65.27973007410765, 5),
(210, 'Parada 13', -24.19734813767791, -65.2811174467206, 5),
(211, 'Parada 14', -24.195954209515353, -65.2826838567853, 5),
(212, 'Parada 15', -24.19464192140275, -65.2837161719799, 5),
(213, 'Parada 16', -24.19169556978854, -65.28724864125252, 5),
(214, 'Parada 17', -24.190094223296295, -65.2881320938468, 5),
(215, 'Parada 18', -24.189804596411328, -65.28944838792086, 5),
(216, 'Parada 19', -24.190392412907862, -65.29111571609974, 5),
(217, 'Parada 20', -24.191943905144335, -65.30121088027956, 5),
(218, 'Parada 21', -24.189031133428692, -65.301653444767, 5),
(219, 'Parada 22', -24.185311166661005, -65.29452648013829, 5),
(220, 'Parada 23', -24.183076932393405, -65.30036497861147, 5),
(221, 'Parada 24', -24.181607301800398, -65.30408352613449, 5),
(222, 'Parada 25', -24.180939310104037, -65.30696421861649, 5),
(223, 'Parada 26', -24.18008412881727, -65.31119406223297, 5),
(224, 'Parada 27', -24.181555917947904, -65.3147878870368, 5),
(225, 'Parada 28', -24.182843566584843, -65.31129565089941, 5),
(226, 'Parada 29', -24.187610811965687, -65.31102776527405, 5),
(227, 'Parada 30', -24.189061411427254, -65.30414555221796, 5),
(228, 'Parada 31', -24.191127332635663, -65.30171815305948, 5),
(229, 'Parada 32', -24.191472923886053, -65.298973582685, 5),
(230, 'Parada 33', -24.191737162936043, -65.29668096452951, 5),
(231, 'Parada 34', -24.192115170625208, -65.293975956738, 5),
(232, 'Parada 35', -24.191874787224425, -65.28925560414793, 5),
(233, 'Parada 36', -24.191447845614434, -65.28760571032763, 5),
(234, 'Parada 37', -24.193285886360016, -65.28658177703619, 5),
(235, 'Parada 38', -24.195895797537442, -65.28328500688076, 5),
(236, 'Parada 39', -24.197322143106113, -65.28145574033259, 5),
(237, 'Parada 40', -24.198883031292773, -65.27985312044622, 5),
(238, 'Parada 41', -24.200643594819645, -65.27882549911737, 5),
(239, 'Parada 42', -24.20184328398573, -65.27819685637951, 5),
(240, 'Parada 43', -24.20298699957097, -65.27749478816986, 5),
(241, 'Parada 44', -24.204476260901394, -65.27668677270412, 5),
(242, 'Parada 45', -24.205195809473942, -65.27590055018663, 5),
(243, 'Parada 46', -24.206488417977123, -65.27447797358036, 5),
(244, 'Parada 47', -24.20946439509774, -65.27051970362663, 5),
(245, 'Parada 48', -24.208650686925008, -65.26967044919729, 5),
(246, 'Parada 49', -24.207508551131237, -65.26842087507248, 5),
(247, 'Parada 50', -24.207687440546053, -65.26615340262651, 5),
(248, 'Parada 51', -24.206438878929017, -65.26564378291368, 5),
(249, 'Parada 52', -24.205654813899805, -65.26485957205294, 5),
(250, 'Parada 53', -24.204566166469963, -65.26458665728569, 5),
(251, 'Parada 54', -24.206396373187197, -65.26402976363897, 5),
(252, 'Parada 1', -24.207522923452466, -65.28492216020823, 6),
(253, 'Parada 2', -24.20704129691108, -65.28767108917236, 6),
(254, 'Parada 3', -24.20355701869408, -65.29138896614313, 6),
(255, 'Parada 4', -24.201891601589697, -65.29172390699387, 6),
(256, 'Parada 5', -24.20200597356664, -65.29299695044756, 6),
(257, 'Parada 6', -24.197481780275133, -65.29221173375845, 6),
(258, 'Parada 7', -24.196103756289716, -65.2952329069376, 6),
(259, 'Parada 8', -24.19333237223841, -65.2965984866023, 6),
(260, 'Parada 9', -24.192737535213034, -65.30174966901541, 6),
(261, 'Parada 10', -24.191503507137448, -65.30239205807447, 6),
(262, 'Parada 11', -24.189029910075064, -65.3017520159483, 6),
(263, 'Parada 12', -24.185461949302812, -65.29407855123281, 6),
(264, 'Parada 13', -24.181005987087985, -65.30670873820782, 6),
(265, 'Parada 14', -24.180137348420814, -65.31093623489141, 6),
(266, 'Parada 15', -24.18206792041108, -65.31007055193186, 6),
(267, 'Parada 16', -24.16918312395048, -65.31055200845003, 6),
(268, 'Parada 17', -24.168278615912286, -65.3102670237422, 6),
(269, 'Parada 18', -24.169372161344356, -65.30863020569086, 6),
(270, 'Parada 19', -24.16856829165616, -65.30846223235132, 6),
(271, 'Parada 20', -24.166629256386244, -65.3117123991251, 6),
(272, 'Parada 21', -24.166925359591353, -65.31328786164522, 6),
(273, 'Parada 22', -24.167661943924546, -65.31348701566458, 6),
(274, 'Parada 23', -24.167947338622447, -65.31254958361387, 6),
(275, 'Parada 24', -24.168146472165656, -65.31168155372143, 6),
(276, 'Parada 25', -24.168417489054196, -65.31053222715855, 6),
(277, 'Parada 26', -24.16966244637679, -65.31079944223166, 6),
(278, 'Parada 27', -24.177868460798678, -65.30927360057831, 6),
(279, 'Parada 28', -24.181417364956822, -65.31013526022434, 6),
(280, 'Parada 29', -24.18430981859134, -65.31124234199525, 6),
(281, 'Parada 30', -24.18758665046032, -65.31100429594517, 6),
(282, 'Parada 31', -24.189077315019574, -65.30321348458529, 6),
(283, 'Parada 32', -24.18880817703616, -65.30087694525719, 6),
(284, 'Parada 33', -24.191151493470343, -65.29997002333404, 6),
(285, 'Parada 34', -24.193858089644237, -65.30107207596302, 6),
(286, 'Parada 35', -24.195392413624198, -65.29808174818754, 6),
(287, 'Parada 36', -24.19621721599537, -65.29540255665779, 6),
(288, 'Parada 37', -24.19834601940985, -65.29361184686422, 6),
(289, 'Parada 38', -24.201987319320722, -65.29320046305656, 6),
(290, 'Parada 39', -24.201870500866164, -65.29193479567766, 6),
(321, 'Parada 1', -24.221194853559908, -65.27272548526525, 8),
(322, 'Parada 2', -24.209866201726722, -65.28354451060295, 8),
(323, 'Parada 3', -24.20787275136742, -65.28475351631641, 8),
(324, 'Parada 4', -24.209329236114343, -65.29017828404903, 8),
(325, 'Parada 5', -24.208168453060605, -65.29129274189472, 8),
(326, 'Parada 6', -24.20562484563997, -65.29381636530161, 8),
(327, 'Parada 7', -24.203107486658165, -65.29632154852152, 8),
(328, 'Parada 8', -24.20184420140875, -65.29756475239992, 8),
(329, 'Parada 9', -24.200496194046465, -65.29722210019825, 8),
(330, 'Parada 10', -24.198955815189407, -65.29666420072317, 8),
(331, 'Parada 11', -24.195678969594873, -65.29549140483141, 8),
(332, 'Parada 12', -24.19193075439254, -65.30115321278572, 8),
(333, 'Parada 13', -24.18902899255983, -65.30207388103008, 8),
(334, 'Parada 14', -24.183543968581592, -65.29932964593172, 8),
(335, 'Parada 15', -24.181767264494418, -65.30355278402567, 8),
(336, 'Parada 16', -24.181040854854704, -65.30651427805424, 8),
(337, 'Parada 17', -24.180165487512557, -65.31055670231581, 8),
(338, 'Parada 18', -24.179909788581277, -65.31346622854471, 8),
(339, 'Parada 19', -24.18090199544644, -65.31940262764692, 8),
(340, 'Parada 20', -24.184213475891617, -65.31849838793278, 8),
(341, 'Parada 21', -24.1857417989669, -65.32139550894499, 8),
(342, 'Parada 22', -24.1852931216676, -65.32103776931763, 8),
(343, 'Parada 23', -24.185926529993495, -65.3194173797965, 8),
(344, 'Parada 24', -24.186888717406113, -65.31718242913485, 8),
(345, 'Parada 25', -24.18772856100857, -65.31526263803244, 8),
(346, 'Parada 26', -24.188316387072337, -65.31397148966789, 8),
(347, 'Parada 27', -24.18907395079828, -65.30359234660865, 8),
(348, 'Parada 28', -24.18879472012208, -65.30080318450928, 8),
(349, 'Parada 29', -24.190671028417498, -65.29997169971466, 8),
(350, 'Parada 30', -24.193740346260004, -65.30114483088255, 8),
(351, 'Parada 31', -24.19537008853221, -65.29809348285198, 8),
(352, 'Parada 32', -24.20008243121443, -65.29731832444668, 8),
(353, 'Parada 33', -24.2014827362234, -65.29778469353914, 8),
(354, 'Parada 34', -24.203293415746906, -65.29646672308446, 8),
(355, 'Parada 35', -24.205707105438382, -65.29405072331429, 8),
(356, 'Parada 36', -24.206812561890786, -65.29294162988663, 8),
(357, 'Parada 37', -24.20810026131426, -65.29166623950005, 8),
(358, 'Parada 38', -24.209956103493088, -65.28884924948214, 8),
(359, 'Parada 1', -24.260091829335252, -65.25752406567334, 9),
(360, 'Parada 2', -24.259870219996372, -65.25646056979895, 9),
(361, 'Parada 3', -24.258900942058638, -65.2562141418457, 9),
(362, 'Parada 4', -24.258793040273243, -65.25511007755996, 9),
(363, 'Parada 5', -24.257444718740512, -65.2549260109663, 9),
(364, 'Parada 6', -24.2571268172256, -65.25710865855217, 9),
(365, 'Parada 7', -24.25631769314935, -65.2593845129013, 9),
(366, 'Parada 8', -24.25493663759228, -65.25922760367393, 9),
(367, 'Parada 9', -24.254541698185427, -65.26059620082378, 9),
(368, 'Parada 10', -24.253517050909135, -65.26062805205584, 9),
(369, 'Parada 11', -24.251452752850838, -65.26035513728857, 9),
(370, 'Parada 12', -24.251086843124195, -65.26271548122168, 9),
(371, 'Parada 13', -24.250819058897743, -65.26537153869867, 9),
(372, 'Parada 14', -24.250709010422025, -65.26648633182049, 9),
(373, 'Parada 15', -24.250479436767602, -65.26911489665508, 9),
(374, 'Parada 16', -24.248505575347327, -65.27602024376392, 9),
(375, 'Parada 17', -24.237615007815517, -65.27536980807781, 9),
(376, 'Parada 18', -24.234367283638925, -65.27498256415129, 9),
(377, 'Parada 19', -24.229723166196596, -65.27557734400034, 9),
(378, 'Parada 20', -24.225901043578734, -65.27441293001175, 9),
(379, 'Parada 21', -24.218681165617685, -65.27378093451262, 9),
(380, 'Parada 22', -24.209251565502466, -65.28285652399063, 9),
(381, 'Parada 23', -24.20308241067478, -65.28645470738411, 9),
(382, 'Parada 24', -24.200254909010514, -65.28834566473961, 9),
(383, 'Parada 25', -24.19714690897207, -65.29141377657652, 9),
(384, 'Parada 26', -24.196152993532877, -65.29513467103243, 9),
(385, 'Parada 27', -24.193089544502495, -65.29902152717113, 9),
(386, 'Parada 28', -24.19269624822141, -65.30193440616131, 9),
(387, 'Parada 29', -24.18900697219235, -65.30193541198969, 9),
(388, 'Parada 30', -24.184145271333236, -65.29797445982695, 9),
(389, 'Parada 31', -24.181504839931176, -65.30460756272078, 9),
(390, 'Parada 32', -24.180801979875955, -65.30753083527088, 9),
(391, 'Parada 33', -24.179998793889418, -65.31195648014545, 9),
(392, 'Parada 34', -24.18020830785766, -65.31468462198973, 9),
(393, 'Parada 35', -24.182165488150392, -65.31200140714645, 9),
(394, 'Parada 36', -24.18486799311828, -65.31123530119658, 9),
(395, 'Parada 37', -24.18902501666043, -65.3068234026432, 9),
(396, 'Parada 38', -24.19361159298035, -65.30136846005917, 9),
(397, 'Parada 39', -24.19539577767882, -65.29814880341291, 9),
(398, 'Parada 40', -24.196262783342018, -65.29524229466915, 9),
(399, 'Parada 41', -24.19766313030321, -65.29084011912346, 9),
(400, 'Parada 42', -24.200363166231416, -65.28869099915026, 9),
(401, 'Parada 43', -24.20316497791852, -65.28678998351097, 9),
(402, 'Parada 44', -24.209283979228143, -65.28316397219896, 9),
(403, 'Parada 45', -24.225816350817524, -65.2746469527483, 9),
(404, 'Parada 46', -24.23737960180762, -65.27557734400034, 9),
(405, 'Parada 47', -24.24882319271885, -65.2761060744524, 9),
(406, 'Parada 48', -24.250566864333322, -65.26929125189781, 9),
(407, 'Parada 49', -24.250703507995738, -65.26801887899637, 9),
(408, 'Parada 50', -24.250776567969798, -65.26706200093031, 9),
(409, 'Parada 51', -24.252034476840535, -65.263020247221, 9),
(410, 'Parada 52', -24.253104071704236, -65.26319023221731, 9),
(411, 'Parada 53', -24.254426456347144, -65.26320766657592, 9),
(412, 'Parada 54', -24.254985240731738, -65.26259612292051, 9),
(413, 'Parada 55', -24.255936819210323, -65.26272185146809, 9),
(414, 'Parada 56', -24.256257780470513, -65.26111453771591, 9),
(415, 'Parada 57', -24.256408173467975, -65.25957394391298, 9),
(416, 'Parada 58', -24.25744319036973, -65.25732826441526, 9),
(417, 'Parada 59', -24.25854238988008, -65.25740671902895, 9),
(418, 'Parada 60', -24.25857570807056, -65.2582435682416, 9),
(419, 'Parada 61', -24.260072572263205, -65.258699208498, 9),
(420, 'Parada 62', -24.260248942480796, -65.2575907856226, 9),
(421, 'Parada 1', -24.24234199057719, -65.25043532252312, 10),
(422, 'Parada 2', -24.240711932021647, -65.25147635489702, 10),
(423, 'Parada 3', -24.238262524952173, -65.25192093104124, 10),
(424, 'Parada 4', -24.237469178430782, -65.25418873876333, 10),
(425, 'Parada 5', -24.23681340271716, -65.25643341243267, 10),
(426, 'Parada 6', -24.23318807908352, -65.2592447027564, 10),
(427, 'Parada 7', -24.231836123058613, -65.26462320238352, 10),
(428, 'Parada 8', -24.2319889908099, -65.2684822306037, 10),
(429, 'Parada 9', -24.23271663878947, -65.27147490531206, 10),
(430, 'Parada 10', -24.227854464953605, -65.2750801295042, 10),
(431, 'Parada 11', -24.22622330360643, -65.27446389198303, 10),
(432, 'Parada 12', -24.221094258072874, -65.27250185608864, 10),
(433, 'Parada 13', -24.209240862855395, -65.2804197371006, 10),
(434, 'Parada 14', -24.205309566887458, -65.28270397335291, 10),
(435, 'Parada 15', -24.2033362283276, -65.28357837349176, 10),
(436, 'Parada 16', -24.200704451105747, -65.28517395257948, 10),
(437, 'Parada 17', -24.199672336794197, -65.2858743444085, 10),
(438, 'Parada 18', -24.195078332861154, -65.28900917619468, 10),
(439, 'Parada 19', -24.19103650008968, -65.29144529253244, 10),
(440, 'Parada 20', -24.189024710822007, -65.30250739306211, 10),
(441, 'Parada 21', -24.188776369782424, -65.30062649399042, 10),
(442, 'Parada 22', -24.184748406342987, -65.29745746403931, 10),
(443, 'Parada 23', -24.18136598102784, -65.30517518520355, 10),
(444, 'Parada 24', -24.180946038975556, -65.30700646340847, 10),
(445, 'Parada 25', -24.18000032318971, -65.31145054847002, 10),
(446, 'Parada 26', -24.180252657485664, -65.31471982598305, 10),
(447, 'Parada 27', -24.1822101429529, -65.31146295368671, 10),
(448, 'Parada 28', -24.185109001419427, -65.31124971807003, 10),
(449, 'Parada 29', -24.188396517158424, -65.31051009893417, 10),
(450, 'Parada 30', -24.18918711092018, -65.30827112495899, 10),
(451, 'Parada 31', -24.189076091666394, -65.30282959342003, 10),
(452, 'Parada 32', -24.18723921362406, -65.295754596591, 10),
(453, 'Parada 33', -24.195570708396687, -65.28888043016195, 10),
(454, 'Parada 34', -24.208517056036914, -65.28112079948187, 10),
(455, 'Parada 35', -24.214488110003053, -65.27790449559689, 10),
(456, 'Parada 36', -24.21696396504157, -65.27210086584091, 10),
(457, 'Parada 37', -24.22985677483888, -65.27593441307545, 10),
(458, 'Parada 38', -24.23359042233746, -65.27425769716501, 10),
(459, 'Parada 39', -24.232505070982256, -65.26986289769411, 10),
(460, 'Parada 40', -24.232225629726866, -65.26418801397084, 10),
(461, 'Parada 41', -24.233417072474403, -65.25944586843252, 10),
(462, 'Parada 42', -24.242057068119653, -65.25348231196404, 10),
(463, 'Parada 43', -24.243798998235025, -65.25561567395926, 10),
(464, 'Parada 1', -24.238484477660055, -65.25147669017315, 11),
(465, 'Parada 2', -24.239809154298072, -65.25185253471136, 11),
(466, 'Parada 3', -24.238717435870985, -65.2567931637168, 11),
(467, 'Parada 4', -24.236975741914815, -65.25626376271248, 11),
(468, 'Parada 5', -24.23457884835098, -65.25537326931953, 11),
(469, 'Parada 6', -24.233518575421105, -65.25785833597183, 11),
(470, 'Parada 7', -24.233216206464803, -65.25913372635841, 11),
(471, 'Parada 8', -24.232878983212338, -65.26042453944683, 11),
(472, 'Parada 9', -24.232554599893504, -65.26173949241638, 11),
(473, 'Parada 10', -24.232271795665845, -65.26283618062735, 11),
(474, 'Parada 11', -24.231952608301743, -65.26414576917887, 11),
(475, 'Parada 12', -24.231540782043194, -65.26574067771435, 11),
(476, 'Parada 13', -24.23198685066264, -65.26848994195461, 11),
(477, 'Parada 14', -24.229638170236758, -65.27560316026211, 11),
(478, 'Parada 15', -24.227748677053793, -65.27515355497599, 11),
(479, 'Parada 16', -24.2259212230731, -65.27445115149023, 11),
(480, 'Parada 17', -24.210005946962067, -65.28838053345682, 11),
(481, 'Parada 18', -24.209302326616385, -65.2901715785265, 11),
(482, 'Parada 19', -24.208141543317527, -65.29131453484297, 11),
(483, 'Parada 20', -24.206992675463844, -65.29248397797346, 11),
(484, 'Parada 21', -24.20487288465014, -65.29459320008756, 11),
(485, 'Parada 22', -24.20305549985787, -65.29637116938831, 11),
(486, 'Parada 23', -24.20182829940861, -65.29760967940092, 11),
(487, 'Parada 24', -24.200440842259813, -65.2971999719739, 11),
(488, 'Parada 25', -24.198903520881334, -65.29666252434254, 11),
(489, 'Parada 26', -24.191522468749625, -65.29434140771627, 11),
(490, 'Parada 27', -24.190119301834073, -65.29708262532948, 11),
(491, 'Parada 28', -24.18577758297803, -65.29356624931097, 11),
(492, 'Parada 29', -24.184030577486915, -65.29821183532475, 11),
(493, 'Parada 30', -24.181326525496903, -65.30525464564563, 11),
(494, 'Parada 31', -24.180696764634632, -65.3080102801323, 11),
(495, 'Parada 32', -24.17996698443935, -65.31248487532139, 11),
(496, 'Parada 33', -24.18059399617563, -65.31471077352762, 11),
(497, 'Parada 34', -24.182135820225007, -65.31157191842794, 11),
(498, 'Parada 35', -24.185318506996584, -65.31122356653214, 11),
(499, 'Parada 36', -24.189084043461886, -65.30274510383606, 11),
(500, 'Parada 37', -24.195396083501965, -65.2980911359191, 11),
(501, 'Parada 38', -24.19634749574852, -65.2960828319192, 11),
(502, 'Parada 39', -24.203305036305952, -65.29647510498762, 11),
(503, 'Parada 40', -24.20686821670623, -65.29296744614841, 11),
(504, 'Parada 41', -24.208104542411508, -65.2916705980897, 11),
(505, 'Parada 42', -24.210060988807022, -65.28867792338133, 11),
(506, 'Parada 43', -24.218972867261517, -65.27491517364979, 11),
(507, 'Parada 44', -24.225683960937154, -65.2745919674635, 11),
(508, 'Parada 45', -24.228203931292654, -65.27551263570786, 11),
(509, 'Parada 46', -24.22992770660115, -65.27587741613388, 11),
(510, 'Parada 47', -24.232978652190475, -65.27148898690939, 11),
(511, 'Parada 48', -24.236400980735734, -65.2645454183221, 11),
(512, 'Parada 49', -24.23484024646185, -65.2637816593051, 11),
(513, 'Parada 50', -24.23531626480064, -65.26149608194827, 11),
(514, 'Parada 51', -24.23627838506326, -65.25853492319584, 11),
(515, 'Parada 52', -24.236876381790175, -65.25652091950178, 11),
(516, 'Parada 53', -24.238023145771336, -65.25298677384853, 11),
(517, 'Parada 1', -24.212836595902736, -65.26913199573755, 12),
(518, 'Parada 2', -24.209141481089564, -65.28043247759344, 12),
(519, 'Parada 3', -24.207426904084077, -65.28165455907583, 12),
(520, 'Parada 4', -24.20464231093252, -65.28283808380365, 12),
(521, 'Parada 5', -24.203104734416325, -65.28364643454553, 12),
(522, 'Parada 6', -24.20055276905218, -65.28526347130537, 12),
(523, 'Parada 7', -24.197432543545098, -65.28748098760843, 12),
(524, 'Parada 8', -24.19514744904482, -65.28897900134325, 12),
(525, 'Parada 9', -24.19292256193723, -65.29029965400696, 12),
(526, 'Parada 10', -24.189978005617863, -65.30091818422079, 12),
(527, 'Parada 11', -24.188822857304437, -65.30082397162914, 12),
(528, 'Parada 12', -24.181692023940567, -65.30391253530979, 12),
(529, 'Parada 13', -24.180979377470123, -65.30669465661049, 12),
(530, 'Parada 14', -24.180127866768927, -65.31087655574083, 12),
(531, 'Parada 15', -24.181204794402092, -65.3148116916418, 12),
(532, 'Parada 16', -24.183434779527644, -65.31131610274315, 12),
(533, 'Parada 17', -24.189106369654265, -65.30286982655525, 12),
(534, 'Parada 18', -24.187352069531144, -65.29588032513857, 12),
(535, 'Parada 19', -24.19213566130128, -65.29392968863249, 12),
(536, 'Parada 20', -24.193704564482744, -65.29004417359829, 12),
(537, 'Parada 21', -24.195537985361064, -65.28889384120703, 12),
(538, 'Parada 22', -24.198599234861984, -65.2868526801467, 12),
(539, 'Parada 23', -24.200702922053694, -65.28534796088935, 12),
(540, 'Parada 24', -24.203307176935127, -65.28375405818224, 12),
(541, 'Parada 25', -24.206433986182482, -65.2825628221035, 12),
(542, 'Parada 26', -24.208653133255737, -65.28099104762077, 12),
(543, 'Parada 27', -24.210823621700673, -65.27917217463255, 12),
(544, 'Parada 28', -24.214159704720007, -65.27451351284981, 12),
(545, 'Parada 29', -24.215253162602796, -65.27320895344019, 12),
(546, 'Parada 30', -24.214189976750777, -65.27044728398323, 12),
(547, 'Parada 31', -24.21297389163269, -65.26916183531284, 12),
(548, 'Parada 32', -24.214792663866557, -65.2653815969825, 12),
(549, 'Parada 33', -24.21279164604362, -65.26254683732986, 12),
(550, 'Parada 34', -24.21100189489053, -65.26021398603916, 12),
(551, 'Parada 35', -24.20895770106615, -65.26162516325712, 12),
(552, 'Parada 1', -24.208898377674206, -65.26163421571255, 13),
(553, 'Parada 2', -24.212836595902736, -65.26913199573755, 13),
(554, 'Parada 3', -24.209141481089564, -65.28043247759344, 13),
(555, 'Parada 4', -24.207426904084077, -65.28165455907583, 13),
(556, 'Parada 5', -24.20464231093252, -65.28283808380365, 13),
(557, 'Parada 6', -24.203104734416325, -65.28364643454553, 13),
(558, 'Parada 7', -24.20055276905218, -65.28526347130537, 13),
(559, 'Parada 8', -24.197432543545098, -65.28748098760843, 13),
(560, 'Parada 9', -24.19514744904482, -65.28897900134325, 13),
(561, 'Parada 10', -24.19292256193723, -65.29029965400696, 13),
(562, 'Parada 11', -24.189978005617863, -65.30091818422079, 13),
(563, 'Parada 12', -24.188822857304437, -65.30082397162914, 13),
(564, 'Parada 13', -24.181692023940567, -65.30391253530979, 13),
(565, 'Parada 14', -24.180979377470123, -65.30669465661049, 13),
(566, 'Parada 15', -24.180127866768927, -65.31087655574083, 13),
(567, 'Parada 16', -24.181191030828785, -65.3147654235363, 13),
(568, 'Parada 17', -24.18340878212009, -65.31128525733949, 13),
(569, 'Parada 18', -24.189082208432197, -65.30474167317152, 13),
(570, 'Parada 19', -24.1910683067798, -65.30223984271288, 13),
(571, 'Parada 20', -24.19212067558328, -65.2939397469163, 13),
(572, 'Parada 21', -24.195535844601434, -65.28891261667013, 13),
(573, 'Parada 22', -24.19855091601018, -65.28686575591564, 13),
(574, 'Parada 23', -24.20066133183067, -65.28538182377815, 13),
(575, 'Parada 24', -24.20318302038317, -65.28380837291478, 13),
(576, 'Parada 25', -24.204848726415467, -65.28297822922468, 13),
(577, 'Parada 26', -24.207088695159378, -65.28214808553457, 13),
(578, 'Parada 27', -24.208629281529007, -65.2810436859727, 13),
(579, 'Parada 28', -24.210660637588454, -65.27939345687628, 13),
(580, 'Parada 29', -24.21412606912181, -65.27461376041174, 13),
(581, 'Parada 30', -24.214617759527915, -65.27337290346622, 13),
(582, 'Parada 31', -24.214787159887543, -65.26535846292973, 13),
(583, 'Parada 32', -24.21391752821478, -65.26396874338388, 13),
(584, 'Parada 33', -24.212756481176807, -65.26250928640366, 13),
(585, 'Parada 34', -24.21113888681207, -65.26043727993965, 13),
(586, 'Parada 35', -24.21023161837524, -65.25924637913704, 13),
(587, 'Parada 36', -24.208382201840745, -65.26043962687254, 13),
(588, 'Parada 1', -24.195935248562108, -65.27196675539017, 14),
(589, 'Parada 2', -24.198095555804866, -65.27424328029156, 14),
(590, 'Parada 3', -24.195796405366934, -65.27956008911134, 14),
(591, 'Parada 4', -24.194598188427253, -65.27879163622858, 14),
(592, 'Parada 5', -24.192616426666373, -65.27755044400692, 14),
(593, 'Parada 6', -24.190419326397492, -65.2811637148261, 14),
(594, 'Parada 7', -24.19092823495035, -65.28217658400536, 14),
(595, 'Parada 8', -24.19168364233934, -65.29549207538366, 14),
(596, 'Parada 9', -24.193312187582766, -65.29671147465706, 14),
(597, 'Parada 10', -24.191939317672944, -65.30119579285383, 14),
(598, 'Parada 11', -24.18904428447944, -65.30152436345816, 14),
(599, 'Parada 12', -24.183124033697503, -65.3002942353487, 14),
(600, 'Parada 13', -24.181579163026587, -65.30413214117289, 14),
(601, 'Parada 14', -24.180063636205404, -65.31106565147638, 14),
(602, 'Parada 15', -24.18135680532407, -65.31476609408855, 14),
(603, 'Parada 16', -24.182965296116222, -65.31130906194448, 14),
(604, 'Parada 17', -24.187695835960817, -65.31085509806871, 14),
(605, 'Parada 18', -24.189056823852177, -65.30443254858255, 14),
(606, 'Parada 19', -24.191131002636162, -65.30164875090122, 14),
(607, 'Parada 20', -24.19171208471637, -65.29670309275387, 14),
(608, 'Parada 21', -24.192137802117976, -65.29365308582783, 14),
(609, 'Parada 22', -24.191842980735412, -65.28927974402905, 14),
(610, 'Parada 23', -24.191577824407762, -65.28750009834766, 14),
(611, 'Parada 24', -24.193205453517237, -65.2865757420659, 14),
(612, 'Parada 25', -24.191819431695162, -65.2832394093275, 14),
(613, 'Parada 26', -24.19110745346446, -65.28224430978298, 14),
(614, 'Parada 27', -24.19079489131911, -65.28174106031656, 14),
(615, 'Parada 28', -24.191450903940503, -65.28047975152731, 14),
(616, 'Parada 29', -24.192067766809778, -65.27934048324823, 14),
(617, 'Parada 30', -24.193130831366798, -65.27802117168903, 14),
(618, 'Parada 31', -24.1943201931484, -65.27874570339918, 14),
(619, 'Parada 32', -24.195647469877198, -65.27958992868662, 14),
(620, 'Parada 33', -24.19780533545676, -65.27945782989264, 14),
(621, 'Parada 34', -24.199191903845467, -65.27803558856249, 14),
(622, 'Parada 35', -24.200751545900193, -65.27714475989342, 14),
(623, 'Parada 36', -24.199320039863064, -65.27532689273357, 14),
(624, 'Parada 37', -24.198275375878776, -65.274165160954, 14),
(625, 'Parada 38', -24.197646616146063, -65.27349796146154, 14),
(626, 'Parada 39', -24.19563768355556, -65.27136929333211, 14),
(627, 'Parada 1', -24.208689216628716, -65.261445119977, 15),
(628, 'Parada 2', -24.214102829976056, -65.27408972382545, 15),
(629, 'Parada 3', -24.21096948160184, -65.27855627238749, 15),
(630, 'Parada 4', -24.209166861670983, -65.28043884783983, 15),
(631, 'Parada 5', -24.20746207042165, -65.28164315968752, 15),
(632, 'Parada 6', -24.199290681741527, -65.28615429997444, 15),
(633, 'Parada 7', -24.19517252658892, -65.2889434620738, 15),
(634, 'Parada 8', -24.192921950279086, -65.29029529541731, 15),
(635, 'Parada 9', -24.191705050580715, -65.2954800054431, 15),
(636, 'Parada 10', -24.193334513035033, -65.29668297618628, 15),
(637, 'Parada 11', -24.191947880952743, -65.30118405818939, 15),
(638, 'Parada 12', -24.181593232414272, -65.30415762215853, 15),
(639, 'Parada 13', -24.180976624750723, -65.30675433576107, 15),
(640, 'Parada 14', -24.180108597603265, -65.31089834868908, 15),
(641, 'Parada 15', -24.181228039544745, -65.31475234776735, 15),
(642, 'Parada 16', -24.18907547998979, -65.30481174588203, 15),
(643, 'Parada 17', -24.19109277345912, -65.30226565897465, 15),
(644, 'Parada 18', -24.19212709803407, -65.29379155486822, 15),
(645, 'Parada 19', -24.193751967689774, -65.29000259935856, 15),
(646, 'Parada 20', -24.195505568139936, -65.28890557587147, 15),
(647, 'Parada 21', -24.1971294772911, -65.28786152601242, 15),
(648, 'Parada 22', -24.19855703232155, -65.28686977922916, 15),
(649, 'Parada 23', -24.200807814982426, -65.28530538082123, 15),
(650, 'Parada 24', -24.203386380189574, -65.28373058885336, 15),
(651, 'Parada 25', -24.204867074442223, -65.28299633413555, 15),
(652, 'Parada 26', -24.207148019393713, -65.28208874166012, 15),
(653, 'Parada 27', -24.20877636710606, -65.28091359883547, 15),
(654, 'Parada 28', -24.21209599144048, -65.27765505015851, 15),
(655, 'Parada 29', -24.213145434641948, -65.27604639530182, 15),
(656, 'Parada 30', -24.215290161433007, -65.27322504669428, 15),
(657, 'Parada 31', -24.211734861113737, -65.26849430054426, 15),
(658, 'Parada 32', -24.212873289653505, -65.26728831231594, 15),
(659, 'Parada 33', -24.21479541585598, -65.26537321507931, 15),
(660, 'Parada 34', -24.215799888024822, -65.26434123516083, 15),
(661, 'Parada 35', -24.215868992972652, -65.26038765907288, 15),
(662, 'Parada 36', -24.213462222907566, -65.25980193167925, 15),
(663, 'Parada 37', -24.212780943693875, -65.25891244411469, 15),
(664, 'Parada 38', -24.211713456235813, -65.25754854083061, 15),
(665, 'Parada 39', -24.210022765306103, -65.25891780853271, 15),
(666, 'Parada 1', -24.194063299282618, -65.32074205577374, 16),
(667, 'Parada 2', -24.193132054681087, -65.3156217187643, 16),
(668, 'Parada 3', -24.193966658122974, -65.31577426940203, 16),
(669, 'Parada 4', -24.19535112749211, -65.31389471143484, 16),
(670, 'Parada 5', -24.196498265343646, -65.31401608139277, 16),
(671, 'Parada 6', -24.19681111933026, -65.31233467161655, 16),
(672, 'Parada 7', -24.196883598590084, -65.31098518520594, 16),
(673, 'Parada 8', -24.195107997776425, -65.31057447195052, 16),
(674, 'Parada 9', -24.192882498322202, -65.31106665730476, 16),
(675, 'Parada 10', -24.192445467688845, -65.31326740980148, 16),
(676, 'Parada 11', -24.19087868985593, -65.31410459429026, 16),
(677, 'Parada 12', -24.192444244367962, -65.30403424054384, 16),
(678, 'Parada 13', -24.19165489412384, -65.30240278691053, 16),
(679, 'Parada 14', -24.18900299629227, -65.30185662209988, 16),
(680, 'Parada 15', -24.18337666766813, -65.29976785182953, 16),
(681, 'Parada 16', -24.181760535666207, -65.30362822115421, 16),
(682, 'Parada 17', -24.181203876830576, -65.31475402414797, 16),
(683, 'Parada 18', -24.184081960342816, -65.31125608831644, 16),
(684, 'Parada 19', -24.18910484046314, -65.30561842024326, 16),
(685, 'Parada 20', -24.188766277094484, -65.3003116697073, 16),
(686, 'Parada 21', -24.191083598454927, -65.29999449849129, 16),
(687, 'Parada 22', -24.191991309005818, -65.30081793665886, 16),
(688, 'Parada 23', -24.191617582600447, -65.30380725860594, 16),
(689, 'Parada 24', -24.190329105017856, -65.31531427055597, 16),
(690, 'Parada 25', -24.192160433606738, -65.32052882015705, 16),
(691, 'Parada 26', -24.193337571315862, -65.32293274998665, 16),
(692, 'Parada 27', -24.19647410552195, -65.325674302876, 16),
(693, 'Parada 28', -24.19607378578457, -65.32474894076586, 16),
(694, 'Parada 29', -24.195516271940274, -65.3237347304821, 16),
(695, 'Parada 30', -24.194846823955345, -65.32253377139568, 16),
(696, 'Parada 1', -24.228220441489654, -65.28108023107052, 17),
(697, 'Parada 2', -24.228439660013752, -65.2798480913043, 17),
(698, 'Parada 3', -24.23074464197992, -65.27981992810965, 17),
(699, 'Parada 4', -24.23094428893818, -65.27852609753609, 17),
(700, 'Parada 5', -24.229752211565543, -65.2771293371916, 17),
(701, 'Parada 6', -24.228579996360292, -65.27695532888174, 17),
(702, 'Parada 7', -24.2284662597253, -65.27586501091719, 17),
(703, 'Parada 8', -24.225955161306402, -65.27440823614597, 17),
(704, 'Parada 9', -24.221201274545745, -65.27257796376944, 17),
(705, 'Parada 10', -24.218650588886785, -65.27373801916838, 17),
(706, 'Parada 11', -24.2093179218943, -65.28274420648813, 17),
(707, 'Parada 12', -24.206064889074067, -65.28590049594641, 17),
(708, 'Parada 13', -24.204846280011708, -65.28654053807259, 17),
(709, 'Parada 14', -24.202512389429323, -65.28791584074497, 17),
(710, 'Parada 15', -24.20067723397636, -65.28963547199965, 17),
(711, 'Parada 16', -24.199630746234956, -65.29294565320015, 17),
(712, 'Parada 17', -24.197512973721604, -65.29217585921288, 17),
(713, 'Parada 18', -24.196052989919714, -65.29520105570555, 17),
(714, 'Parada 19', -24.1926665827451, -65.3017070889473, 17),
(715, 'Parada 20', -24.19131389086059, -65.3023974224925, 17),
(716, 'Parada 21', -24.189031745105503, -65.30205946415663, 17),
(717, 'Parada 22', -24.185633529333604, -65.29385425150394, 17),
(718, 'Parada 23', -24.183427744935532, -65.29964245855808, 17),
(719, 'Parada 24', -24.181108449357776, -65.30620716512203, 17),
(720, 'Parada 25', -24.17989204868427, -65.31342566013336, 17),
(721, 'Parada 26', -24.179458032159786, -65.31908445060253, 17),
(722, 'Parada 27', -24.179568448061122, -65.32476637512445, 17),
(723, 'Parada 29', -24.17888484669349, -65.32869916409254, 17),
(724, 'Parada 30', -24.179026766920686, -65.33362705260515, 17),
(725, 'Parada 31', -24.17932742929442, -65.33549387007952, 17),
(726, 'Parada 32', -24.179150335265824, -65.33744484186172, 17),
(727, 'Parada 33', -24.17888331737984, -65.344427973032, 17),
(728, 'Parada 34', -24.17717383911936, -65.34970186650753, 17),
(729, 'Parada 50', -24.17454519251786, -65.34883718937635, 17),
(730, 'Parada 51', -24.177095843054015, -65.34982256591319, 17),
(731, 'Parada 52', -24.178418711043673, -65.3475882858038, 17),
(732, 'Parada 53', -24.179050318322425, -65.34438606351614, 17),
(733, 'Parada 54', -24.179758081796162, -65.34156572073698, 17),
(734, 'Parada 55', -24.17936933233604, -65.33736035227776, 17),
(735, 'Parada 56', -24.179494123794548, -65.33521626144648, 17),
(736, 'Parada 57', -24.18183914059183, -65.31679585576056, 17),
(737, 'Parada 58', -24.182195156068865, -65.31230852007864, 17),
(738, 'Parada 59', -24.184895213621793, -65.31123798340559, 17),
(739, 'Parada 60', -24.189047037024782, -65.30662659555674, 17),
(740, 'Parada 61', -24.193587738439206, -65.3013614192605, 17),
(741, 'Parada 62', -24.19626767647895, -65.29516853392124, 17),
(742, 'Parada 63', -24.19758239440352, -65.29097087681293, 17),
(743, 'Parada 35', -24.206141644236013, -65.28581097722054, 17),
(744, 'Parada 36', -24.208474245196445, -65.28772976249456, 17),
(745, 'Parada 37', -24.21338577793488, -65.2846036478877, 17),
(746, 'Parada 38', -24.21438995544011, -65.28252828866242, 17),
(747, 'Parada 39', -24.21691106657937, -65.27935624122621, 17),
(748, 'Parada 40', -24.22113675891145, -65.27423389256, 17),
(749, 'Parada 41', -24.225266305123807, -65.27497686445714, 17),
(750, 'Parada 42', -24.224997855056436, -65.276416875422, 17),
(751, 'Parada 43', -24.225028736015545, -65.27855325490236, 17),
(752, 'Parada 44', -24.225040048840278, -65.27962312102318, 17),
(753, 'Parada 45', -24.224980732937265, -65.28090186417103, 17),
(754, 'Parada 46', -24.224957801524067, -65.28220139443874, 17),
(755, 'Parada 47', -24.225982984535964, -65.28239384293556, 17),
(756, 'Parada 48', -24.22623339332847, -65.28112482279539, 17),
(757, 'Parada 1', -24.19689950120697, -65.31099256128073, 18),
(758, 'Parada 2', -24.192414273002758, -65.31326875090599, 18),
(759, 'Parada 3', -24.190871349840307, -65.31408414244652, 18),
(760, 'Parada 4', -24.190788774635436, -65.31095031648873, 18),
(761, 'Parada 5', -24.190905603242946, -65.30657295137644, 18),
(762, 'Parada 6', -24.192383995800125, -65.30412845313549, 18),
(763, 'Parada 7', -24.19168303067525, -65.3023736178875, 18),
(764, 'Parada 8', -24.189024710822007, -65.30197866261005, 18),
(765, 'Parada 9', -24.185571748315233, -65.29388811439276, 18),
(766, 'Parada 10', -24.183379114483795, -65.29970783740282, 18),
(767, 'Parada 11', -24.181788980255774, -65.30351992696524, 18),
(768, 'Parada 12', -24.181096520918658, -65.30628997832537, 18),
(769, 'Parada 13', -24.18019270901932, -65.31044773757458, 18),
(770, 'Parada 14', -24.181184607827394, -65.31479090452194, 18),
(771, 'Parada 15', -24.184105816661745, -65.31125105917454, 18),
(772, 'Parada 16', -24.187145014037064, -65.31117428094149, 18),
(773, 'Parada 17', -24.189105146301365, -65.3058547899127, 18),
(774, 'Parada 18', -24.188794414283112, -65.30072506517172, 18),
(775, 'Parada 19', -24.19197387662009, -65.30095003545284, 18),
(776, 'Parada 20', -24.191599232666896, -65.30412275344133, 18),
(777, 'Parada 21', -24.190191173225987, -65.30988145619631, 18),
(778, 'Parada 22', -24.190326964170787, -65.31529884785414, 18),
(779, 'Parada 23', -24.19511808996253, -65.32608669251204, 18),
(780, 'Parada 24', -24.196486338343636, -65.32562233507633, 18),
(781, 'Parada 25', -24.1961276103602, -65.32486394047737, 18),
(782, 'Parada 26', -24.19553278637333, -65.32377429306507, 18),
(783, 'Parada 27', -24.19480033862901, -65.32248347997665, 18),
(784, 'Parada 28', -24.194039138999578, -65.32092109322548, 18),
(785, 'Parada 29', -24.190942303306976, -65.3165018185973, 18),
(786, 'Parada 30', -24.19312440896657, -65.31560797244312, 18),
(787, 'Parada 31', -24.193891424764438, -65.31577192246914, 18),
(788, 'Parada 32', -24.195290880297588, -65.31388565897942, 18),
(789, 'Parada 33', -24.196538939463508, -65.31375154852867, 18),
(790, 'Parada 34', -24.19679399342319, -65.31232997775079, 18),
(791, 'Parada 1', -24.243347773979277, -65.24956058710814, 28),
(792, 'Parada 2', -24.242612849746763, -65.24841226637363, 28),
(793, 'Parada 3', -24.240682583439188, -65.24726495146751, 28),
(794, 'Parada 4', -24.217949156664353, -65.27178470045328, 28),
(795, 'Parada 5', -24.209135059495885, -65.28289876878262, 28),
(796, 'Parada 6', -24.20298180088699, -65.28650432825089, 28),
(797, 'Parada 7', -24.20011515308374, -65.28842478990555, 28),
(798, 'Parada 8', -24.197094308102972, -65.29135409742594, 28),
(799, 'Parada 9', -24.196119659003877, -65.29521614313126, 28),
(800, 'Parada 10', -24.193284357218992, -65.29670275747776, 28),
(801, 'Parada 11', -24.192676675124414, -65.30199442058802, 28),
(802, 'Parada 12', -24.188997797038112, -65.3019055724144, 28),
(803, 'Parada 13', -24.18557664186233, -65.29388643801211, 28),
(804, 'Parada 14', -24.184636159830454, -65.29748361557722, 28),
(805, 'Parada 15', -24.18151860347063, -65.30449222773314, 28),
(806, 'Parada 16', -24.18239487909311, -65.31135130673647, 28),
(807, 'Parada 17', -24.185237151587046, -65.31119372695684, 28),
(808, 'Parada 18', -24.189132671738925, -65.30729178339244, 28),
(809, 'Parada 19', -24.19349537850705, -65.30164171010256, 28),
(810, 'Parada 20', -24.195458777230733, -65.29802542179823, 28),
(811, 'Parada 21', -24.196288472308783, -65.29528051614761, 28),
(812, 'Parada 22', -24.19773316253843, -65.2908417955041, 28),
(813, 'Parada 23', -24.20030322721651, -65.28878185898066, 28),
(814, 'Parada 24', -24.203196475778885, -65.28679836541414, 28),
(815, 'Parada 25', -24.209344525599303, -65.28316665440798, 28),
(816, 'Parada 26', -24.22584417407743, -65.27465298771858, 28),
(817, 'Parada 27', -24.227900326732566, -65.27543216943741, 28),
(818, 'Parada 28', -24.23412331117892, -65.27528196573257, 28),
(819, 'Parada 29', -24.237859585024854, -65.27434553951025, 28),
(820, 'Parada 30', -24.241723536835725, -65.27012642472982, 28),
(821, 'Parada 31', -24.24292589619508, -65.26814192533493, 28),
(822, 'Parada 32', -24.24318849999469, -65.26685245335102, 28),
(823, 'Parada 33', -24.243690777929313, -65.26479687541723, 28),
(824, 'Parada 34', -24.244157591979956, -65.2627359330654, 28),
(825, 'Parada 35', -24.24430127375952, -65.25911495089531, 28),
(826, 'Parada 36', -24.243598760026348, -65.25645453482866, 28),
(827, 'Parada 37', -24.24245082345052, -65.25395136326551, 28),
(828, 'Parada 38', -24.241161331345268, -65.25127451866865, 28),
(829, 'Parada 39', -24.24218057535771, -65.25044571608305, 28),
(830, 'Parada 1', -24.242292771185376, -65.26120640337467, 29),
(831, 'Parada 2', -24.243708508946163, -65.26249654591084, 29),
(832, 'Parada 3', -24.24314172659858, -65.26426780968904, 29),
(833, 'Parada 4', -24.24147040710178, -65.26392381638288, 29),
(834, 'Parada 5', -24.241108442935847, -65.26505269110203, 29),
(835, 'Parada 6', -24.24062938911621, -65.26649672538042, 29),
(836, 'Parada 7', -24.240148804914465, -65.26825726032257, 29),
(837, 'Parada 8', -24.239715910720943, -65.26949174702168, 29),
(838, 'Parada 9', -24.239237463094668, -65.27092102915049, 29),
(839, 'Parada 10', -24.23989139201926, -65.27138639241457, 29),
(840, 'Parada 11', -24.234360251857776, -65.27499463409185, 29),
(841, 'Parada 12', -24.22967791655598, -65.27561891824007, 29),
(842, 'Parada 13', -24.227718713991045, -65.27508348226547, 29),
(843, 'Parada 14', -24.22597717529074, -65.2744209766388, 29),
(844, 'Parada 15', -24.218685752126692, -65.27377121150494, 29),
(845, 'Parada 16', -24.209272053424367, -65.28281193226576, 29),
(846, 'Parada 17', -24.20292094568804, -65.2865418791771, 29),
(847, 'Parada 18', -24.200110565906307, -65.28842143714428, 29),
(848, 'Parada 19', -24.197090332455012, -65.29131285846233, 29),
(849, 'Parada 20', -24.19607929057175, -65.29525335878134, 29),
(850, 'Parada 21', -24.19333665383162, -65.29665883630514, 29),
(851, 'Parada 22', -24.193088627016476, -65.29898095875978, 29),
(852, 'Parada 23', -24.19272836032716, -65.30175268650055, 29),
(853, 'Parada 24', -24.18902440498358, -65.30189752578737, 29),
(854, 'Parada 25', -24.18448415281543, -65.29741790145636, 29),
(855, 'Parada 26', -24.181540013417937, -65.30449289828539, 29),
(856, 'Parada 27', -24.180170381267015, -65.31466886401176, 29),
(857, 'Parada 28', -24.182197908761985, -65.31186025589705, 29),
(858, 'Parada 29', -24.18493894992429, -65.31120210886002, 29),
(859, 'Parada 30', -24.189131754224444, -65.30718114227058, 29),
(860, 'Parada 31', -24.193502106716288, -65.30163634568453, 29),
(861, 'Parada 32', -24.195408010603963, -65.29805894941092, 29),
(862, 'Parada 33', -24.1962771569312, -65.29528487473726, 29),
(863, 'Parada 34', -24.197749982501865, -65.2908032387495, 29),
(864, 'Parada 35', -24.200484267420425, -65.28865311294794, 29),
(865, 'Parada 36', -24.203232254892374, -65.28678059577942, 29),
(866, 'Parada 37', -24.209508428762735, -65.28307612985373, 29),
(867, 'Parada 38', -24.22575672952586, -65.27472238987684, 29),
(868, 'Parada 39', -24.230046639510384, -65.27591396123171, 29),
(869, 'Parada 40', -24.239352107258455, -65.27102060616016, 29),
(870, 'Parada 41', -24.239789282721794, -65.26974588632584, 29),
(871, 'Parada 42', -24.240263448257203, -65.2682887762785, 29),
(872, 'Parada 43', -24.240752592025753, -65.26678774505854, 29),
(873, 'Parada 44', -24.24117325416284, -65.265340693295, 29),
(874, 'Parada 45', -24.239999004124304, -65.26303768157959, 29),
(875, 'Parada 46', -24.240561520464947, -65.26108771562578, 29),
(876, 'Parada 1', -24.243986702162783, -65.25636065751314, 30),
(877, 'Parada 2', -24.244757997317294, -65.25872938334942, 30),
(878, 'Parada 3', -24.244836869090975, -65.26065688580275, 30),
(879, 'Parada 4', -24.244695939259444, -65.26218004524708, 30),
(880, 'Parada 5', -24.243721042939335, -65.26673309504984, 30),
(881, 'Parada 6', -24.24340708132375, -65.26799172163008, 30),
(882, 'Parada 7', -24.24298550944511, -65.26960674673319, 30),
(883, 'Parada 8', -24.241177839861624, -65.26999600231647, 30),
(884, 'Parada 9', -24.24002284997617, -65.27126166969538, 30),
(885, 'Parada 10', -24.23429513143129, -65.27497317641975, 30),
(886, 'Parada 11', -24.22973447860423, -65.27559477835894, 30);
INSERT INTO `mc_paradas_colectivos` (`id`, `nombre`, `latitud`, `longitud`, `id_linea`) VALUES
(887, 'Parada 12', -24.22587383183128, -65.27441527694464, 30),
(888, 'Parada 13', -24.209194688567674, -65.28288636356592, 30),
(889, 'Parada 14', -24.200108119411613, -65.2884217724204, 30),
(890, 'Parada 15', -24.197075958957498, -65.29133062809706, 30),
(891, 'Parada 16', -24.196093358360148, -65.29521849006414, 30),
(892, 'Parada 17', -24.19328802715742, -65.29667660593987, 30),
(893, 'Parada 18', -24.192715821315407, -65.30191093683243, 30),
(894, 'Parada 19', -24.189005443000028, -65.30193608254194, 30),
(895, 'Parada 20', -24.185567772308076, -65.29380764812231, 30),
(896, 'Parada 21', -24.1844697778972, -65.29747355729342, 30),
(897, 'Parada 22', -24.181512180485736, -65.30450966209173, 30),
(898, 'Parada 23', -24.180839906278887, -65.30749462544918, 30),
(899, 'Parada 24', -24.180151417967462, -65.31466618180275, 30),
(900, 'Parada 25', -24.182177722344417, -65.31188774853945, 30),
(901, 'Parada 26', -24.18514050373987, -65.31122222542763, 30),
(902, 'Parada 27', -24.189071809930148, -65.3071878477931, 30),
(903, 'Parada 28', -24.193502106716288, -65.3015810251236, 30),
(904, 'Parada 29', -24.19544776760254, -65.2980525791645, 30),
(905, 'Parada 30', -24.196252997067592, -65.29532846063375, 30),
(906, 'Parada 31', -24.197588204943457, -65.29102519154549, 30),
(907, 'Parada 32', -24.200458273488035, -65.28858773410319, 30),
(908, 'Parada 33', -24.20317782170717, -65.28678394854069, 30),
(909, 'Parada 34', -24.20918062222505, -65.28330847620964, 30),
(910, 'Parada 35', -24.225900432078866, -65.2747294306755, 30),
(911, 'Parada 36', -24.23015028532272, -65.27600213885307, 30),
(912, 'Parada 37', -24.23420769268415, -65.27530442923307, 30),
(913, 'Parada 38', -24.23812036495655, -65.27413800358772, 30),
(914, 'Parada 39', -24.24178467920804, -65.2701123431325, 30),
(915, 'Parada 40', -24.243157929149493, -65.26984713971615, 30),
(916, 'Parada 41', -24.24348778818108, -65.26844535022974, 30),
(917, 'Parada 42', -24.2437589506185, -65.26705227792263, 30),
(918, 'Parada 43', -24.244344072556103, -65.26489846408367, 30),
(919, 'Parada 44', -24.24476105436371, -65.26275504380465, 30),
(920, 'Parada 45', -24.24504719358174, -65.26107665151358, 30),
(921, 'Parada 46', -24.24491512940723, -65.25909751653671, 30),
(922, 'Parada 1', -24.186441573363663, -65.28934177011251, 31),
(923, 'Parada 2', -24.18099711721598, -65.3000072389841, 31),
(924, 'Parada 3', -24.180693706050736, -65.30392695218325, 31),
(925, 'Parada 4', -24.178607734760444, -65.30565161257982, 31),
(926, 'Parada 5', -24.178039439311178, -65.30820608139038, 31),
(927, 'Parada 6', -24.179464149386725, -65.30980601906776, 31),
(928, 'Parada 7', -24.178820615504304, -65.31305249780416, 31),
(929, 'Parada 8', -24.178462449566133, -65.31496860086918, 31),
(930, 'Parada 9', -24.178137315995215, -65.3166751563549, 31),
(931, 'Parada 10', -24.180297618816926, -65.31568743288517, 31),
(932, 'Parada 11', -24.182185368715075, -65.31206879764795, 31),
(933, 'Parada 12', -24.184053822114766, -65.31126815825701, 31),
(934, 'Parada 13', -24.18908006756419, -65.30723210424185, 31),
(935, 'Parada 14', -24.18908159675563, -65.30453447252512, 31),
(936, 'Parada 15', -24.193556238204955, -65.3014512732625, 31),
(937, 'Parada 16', -24.195364583714415, -65.29810186475515, 31),
(938, 'Parada 17', -24.19552636409406, -65.29548704624176, 31),
(939, 'Parada 18', -24.192101102397952, -65.29392533004282, 31),
(940, 'Parada 19', -24.190808348022156, -65.29154252260923, 31),
(941, 'Parada 20', -24.18846074352696, -65.28876140713692, 31),
(942, 'Parada 1', -24.230202872546247, -65.27235131710768, 32),
(943, 'Parada 2', -24.22967730507424, -65.27549855411054, 32),
(944, 'Parada 3', -24.22589248258015, -65.27440320700407, 32),
(945, 'Parada 4', -24.20917297747298, -65.28279952704906, 32),
(946, 'Parada 5', -24.20296834546862, -65.28650600463152, 32),
(947, 'Parada 6', -24.20015460280289, -65.28838086873293, 32),
(948, 'Parada 7', -24.197029474443788, -65.29130849987268, 32),
(949, 'Parada 8', -24.196089688502457, -65.29521010816097, 32),
(950, 'Parada 9', -24.192679733421016, -65.30176274478436, 32),
(951, 'Parada 10', -24.18903633268148, -65.30201587826014, 32),
(952, 'Parada 11', -24.18552801222969, -65.29390420764686, 32),
(953, 'Parada 12', -24.18437679966353, -65.29747992753983, 32),
(954, 'Parada 13', -24.181391367138197, -65.305052138865, 32),
(955, 'Parada 14', -24.18247684802331, -65.31133018434048, 32),
(956, 'Parada 15', -24.187267045306893, -65.31114477664232, 32),
(957, 'Parada 16', -24.189113709771465, -65.30668023973703, 32),
(958, 'Parada 17', -24.193478252154662, -65.30164875090122, 32),
(959, 'Parada 18', -24.19543706379646, -65.29806867241861, 32),
(960, 'Parada 19', -24.196250856319963, -65.29535997658968, 32),
(961, 'Parada 20', -24.200452463078904, -65.28860449790955, 32),
(962, 'Parada 21', -24.203226138805313, -65.28677355498075, 32),
(963, 'Parada 22', -24.209320979791716, -65.28313379734755, 32),
(964, 'Parada 23', -24.213479040795395, -65.2845399454236, 32),
(965, 'Parada 24', -24.225597433527568, -65.27545228600502, 32),
(966, 'Parada 25', -24.227146662736768, -65.27246497571468, 32),
(967, 'Parada 26', -24.227103246662768, -65.27078423649071, 32),
(968, 'Parada 27', -24.227048823675883, -65.26854559779167, 32),
(969, 'Parada 28', -24.22665318620675, -65.26696611195803, 32),
(970, 'Parada 29', -24.22626977747102, -65.26619229465723, 32),
(971, 'Parada 30', -24.225490726499793, -65.267074406147, 32),
(972, 'Parada 31', -24.22588942508053, -65.26799742132425, 32),
(973, 'Parada 1', -24.243986702162783, -65.25636065751314, 33),
(974, 'Parada 2', -24.244757997317294, -65.25872938334942, 33),
(975, 'Parada 3', -24.244836869090975, -65.26065688580275, 33),
(976, 'Parada 4', -24.244695939259444, -65.26218004524708, 33),
(977, 'Parada 5', -24.243721042939335, -65.26673309504984, 33),
(978, 'Parada 6', -24.24340708132375, -65.26799172163008, 33),
(979, 'Parada 7', -24.24298550944511, -65.26960674673319, 33),
(980, 'Parada 8', -24.241177839861624, -65.26999600231647, 33),
(981, 'Parada 9', -24.24002284997617, -65.27126166969538, 33),
(982, 'Parada 10', -24.23429513143129, -65.27497317641975, 33),
(983, 'Parada 11', -24.22973447860423, -65.27559477835894, 33),
(984, 'Parada 12', -24.22587383183128, -65.27441527694464, 33),
(985, 'Parada 13', -24.209194688567674, -65.28288636356592, 33),
(986, 'Parada 14', -24.200108119411613, -65.2884217724204, 33),
(987, 'Parada 15', -24.197075958957498, -65.29133062809706, 33),
(988, 'Parada 16', -24.196093358360148, -65.29521849006414, 33),
(989, 'Parada 17', -24.19328802715742, -65.29667660593987, 33),
(990, 'Parada 18', -24.192715821315407, -65.30191093683243, 33),
(991, 'Parada 19', -24.189005443000028, -65.30193608254194, 33),
(992, 'Parada 20', -24.185567772308076, -65.29380764812231, 33),
(993, 'Parada 21', -24.1844697778972, -65.29747355729342, 33),
(994, 'Parada 22', -24.181512180485736, -65.30450966209173, 33),
(995, 'Parada 23', -24.180839906278887, -65.30749462544918, 33),
(996, 'Parada 24', -24.182382950774254, -65.31141702085733, 33),
(997, 'Parada 25', -24.18514050373987, -65.31122222542763, 33),
(998, 'Parada 26', -24.189071809930148, -65.3071878477931, 33),
(999, 'Parada 27', -24.193502106716288, -65.3015810251236, 33),
(1000, 'Parada 28', -24.19544776760254, -65.2980525791645, 33),
(1001, 'Parada 29', -24.196252997067592, -65.29532846063375, 33),
(1002, 'Parada 30', -24.197588204943457, -65.29102519154549, 33),
(1003, 'Parada 31', -24.200458273488035, -65.28858773410319, 33),
(1004, 'Parada 32', -24.20317782170717, -65.28678394854069, 33),
(1005, 'Parada 33', -24.20918062222505, -65.28330847620964, 33),
(1006, 'Parada 34', -24.225900432078866, -65.2747294306755, 33),
(1007, 'Parada 35', -24.23015028532272, -65.27600213885307, 33),
(1008, 'Parada 36', -24.23420769268415, -65.27530442923307, 33),
(1009, 'Parada 37', -24.23812036495655, -65.27413800358772, 33),
(1010, 'Parada 38', -24.24178467920804, -65.2701123431325, 33),
(1011, 'Parada 39', -24.243157929149493, -65.26984713971615, 33),
(1012, 'Parada 40', -24.24348778818108, -65.26844535022974, 33),
(1013, 'Parada 41', -24.2437589506185, -65.26705227792263, 33),
(1014, 'Parada 42', -24.244344072556103, -65.26489846408367, 33),
(1015, 'Parada 43', -24.24476105436371, -65.26275504380465, 33),
(1016, 'Parada 44', -24.24504719358174, -65.26107665151358, 33),
(1017, 'Parada 45', -24.24491512940723, -65.25909751653671, 33),
(1018, 'Parada 46', -24.24420436500261, -65.25595396757126, 33),
(1019, 'Parada 1', -24.23981282289644, -65.25186259299517, 19),
(1020, 'Parada 2', -24.23827108511887, -65.25181867182255, 19),
(1021, 'Parada 3', -24.237467038375662, -65.25433223694563, 19),
(1022, 'Parada 4', -24.236788944816315, -65.25646660476923, 19),
(1023, 'Parada 5', -24.236120936582513, -65.25867071002722, 19),
(1024, 'Parada 6', -24.23572777311798, -65.25993000715971, 19),
(1025, 'Parada 7', -24.235280188970904, -65.26133950799704, 19),
(1026, 'Parada 8', -24.234948168566273, -65.26238858699799, 19),
(1027, 'Parada 9', -24.234564479082536, -65.263583175838, 19),
(1028, 'Parada 10', -24.23419332337381, -65.26568233966827, 19),
(1029, 'Parada 11', -24.233856714171644, -65.26677936315536, 19),
(1030, 'Parada 12', -24.233281021711054, -65.26845943182707, 19),
(1031, 'Parada 13', -24.23199999728091, -65.26857778429984, 19),
(1032, 'Parada 14', -24.232720919059393, -65.27137566357851, 19),
(1033, 'Parada 15', -24.233358066206137, -65.27402937412262, 19),
(1034, 'Parada 16', -24.229723166196596, -65.27560953050852, 19),
(1035, 'Parada 17', -24.22762607304838, -65.27500670403242, 19),
(1036, 'Parada 18', -24.22589156533028, -65.27438376098871, 19),
(1037, 'Parada 19', -24.20915463006611, -65.28288066387177, 19),
(1038, 'Parada 20', -24.20305916951506, -65.28652008622885, 19),
(1039, 'Parada 21', -24.2002286092198, -65.28835773468018, 19),
(1040, 'Parada 22', -24.197131312205006, -65.2913822606206, 19),
(1041, 'Parada 23', -24.196093052538682, -65.29520239681005, 19),
(1042, 'Parada 24', -24.193308211816888, -65.2966383844614, 19),
(1043, 'Parada 25', -24.192660771980908, -65.30223950743675, 19),
(1044, 'Parada 26', -24.189005443000028, -65.30191596597432, 19),
(1045, 'Parada 27', -24.185899921401848, -65.29353138059378, 19),
(1046, 'Parada 28', -24.18422356893976, -65.2977991104126, 19),
(1047, 'Parada 29', -24.18136781616852, -65.30505448579788, 19),
(1048, 'Parada 30', -24.18078882797554, -65.30767969787121, 19),
(1049, 'Parada 31', -24.179995735288802, -65.31213752925395, 19),
(1050, 'Parada 32', -24.180297312957588, -65.3146755695343, 19),
(1051, 'Parada 33', -24.182177722344417, -65.31209796667099, 19),
(1052, 'Parada 34', -24.185234704807005, -65.31121551990509, 19),
(1053, 'Parada 35', -24.18909566531594, -65.30709028244019, 19),
(1054, 'Parada 36', -24.193273653231305, -65.30201956629753, 19),
(1055, 'Parada 37', -24.19540892807329, -65.29810857027769, 19),
(1056, 'Parada 38', -24.19653588125946, -65.29432196170092, 19),
(1057, 'Parada 39', -24.19757138495869, -65.29103625565769, 19),
(1058, 'Parada 40', -24.200429833061825, -65.28882544487715, 19),
(1059, 'Parada 41', -24.203191582907884, -65.28682451695204, 19),
(1060, 'Parada 42', -24.20927388816348, -65.28315525501966, 19),
(1061, 'Parada 43', -24.21896583463017, -65.27436029165983, 19),
(1062, 'Parada 44', -24.22588820208066, -65.27467511594296, 19),
(1063, 'Parada 45', -24.227752957490758, -65.27541641145945, 19),
(1064, 'Parada 46', -24.22990110719493, -65.27587205171585, 19),
(1065, 'Parada 47', -24.23350267737455, -65.27396902441978, 19),
(1066, 'Parada 48', -24.233152308383126, -65.27154061943293, 19),
(1067, 'Parada 49', -24.233435416386428, -65.26917390525341, 19),
(1068, 'Parada 50', -24.233913580093898, -65.2669171616435, 19),
(1069, 'Parada 51', -24.23436697790933, -65.26549626141787, 19),
(1070, 'Parada 52', -24.234858284440357, -65.26395700871944, 19),
(1071, 'Parada 53', -24.234972015364534, -65.26265110820532, 19),
(1072, 'Parada 54', -24.235359983800944, -65.2614089101553, 19),
(1073, 'Parada 55', -24.235756511390594, -65.26013653725386, 19),
(1074, 'Parada 56', -24.236294282763126, -65.25842864066362, 19),
(1075, 'Parada 57', -24.236907871314994, -65.25651354342699, 19),
(1076, 'Parada 58', -24.237530017125227, -65.25452669709921, 19),
(1077, 'Parada 59', -24.23803017735011, -65.25293748825788, 19),
(1078, 'Parada 60', -24.238622968616383, -65.25106262415648, 19),
(1079, 'Parada 61', -24.239720496472238, -65.25148808956146, 19),
(1080, 'Parada 1', -24.249437332239832, -65.25389771908522, 20),
(1081, 'Parada 2', -24.249659571146665, -65.25498032569885, 20),
(1082, 'Parada 3', -24.249968014873236, -65.25666072964668, 20),
(1083, 'Parada 4', -24.25020859434687, -65.25809738785028, 20),
(1084, 'Parada 5', -24.25003710127437, -65.25956522673368, 20),
(1085, 'Parada 6', -24.24980660932964, -65.26203520596027, 20),
(1086, 'Parada 7', -24.249697477056248, -65.26322778314352, 20),
(1087, 'Parada 8', -24.249546770429543, -65.26482235640287, 20),
(1088, 'Parada 9', -24.24903075936953, -65.26716660708189, 20),
(1089, 'Parada 10', -24.248874243752706, -65.26893317699432, 20),
(1090, 'Parada 11', -24.248680127436966, -65.27026019990444, 20),
(1091, 'Parada 12', -24.2485138291293, -65.27250152081251, 20),
(1092, 'Parada 13', -24.248281500247185, -65.2745658159256, 20),
(1093, 'Parada 14', -24.248113978632055, -65.27606081217527, 20),
(1094, 'Parada 15', -24.234259666771855, -65.27498256415129, 20),
(1095, 'Parada 16', -24.22972347193734, -65.27555521577597, 20),
(1096, 'Parada 17', -24.227789646944494, -65.27512237429619, 20),
(1097, 'Parada 18', -24.226009584760757, -65.27443874627352, 20),
(1098, 'Parada 19', -24.221201274545745, -65.27254074811935, 20),
(1099, 'Parada 20', -24.209188572766724, -65.2828498184681, 20),
(1100, 'Parada 21', -24.20305916951506, -65.28652008622885, 20),
(1101, 'Parada 22', -24.200198028060992, -65.28843116015196, 20),
(1102, 'Parada 23', -24.19708268697781, -65.29127597808838, 20),
(1103, 'Parada 24', -24.19614748874887, -65.29514271765947, 20),
(1104, 'Parada 25', -24.193345828673717, -65.29663436114788, 20),
(1105, 'Parada 26', -24.19272040875887, -65.30201889574528, 20),
(1106, 'Parada 27', -24.189033274297515, -65.30214060097933, 20),
(1107, 'Parada 28', -24.185899921401848, -65.29353138059378, 20),
(1108, 'Parada 29', -24.18415108248537, -65.29790237545967, 20),
(1109, 'Parada 30', -24.181439080777732, -65.30487243086101, 20),
(1110, 'Parada 31', -24.18074294924253, -65.30783224850892, 20),
(1111, 'Parada 32', -24.18248327095964, -65.31132381409407, 20),
(1112, 'Parada 33', -24.18715724775361, -65.31113907694817, 20),
(1113, 'Parada 34', -24.189056823852177, -65.30713319778442, 20),
(1114, 'Parada 35', -24.193419839042605, -65.30169166624546, 20),
(1115, 'Parada 36', -24.1954092338964, -65.29803548008204, 20),
(1116, 'Parada 37', -24.196536798720686, -65.29436822980644, 20),
(1117, 'Parada 38', -24.197664659391727, -65.29085788875818, 20),
(1118, 'Parada 39', -24.203102593783754, -65.28680138289928, 20),
(1119, 'Parada 40', -24.2092390281158, -65.28315089643002, 20),
(1120, 'Parada 41', -24.21896583463017, -65.27436029165983, 20),
(1121, 'Parada 42', -24.22579984030878, -65.2746107429266, 20),
(1122, 'Parada 43', -24.227806462940595, -65.27536679059267, 20),
(1123, 'Parada 44', -24.22993932473085, -65.27585327625275, 20),
(1124, 'Parada 45', -24.234228176591845, -65.27525044977665, 20),
(1125, 'Parada 46', -24.24836740084383, -65.27580868452787, 20),
(1126, 'Parada 47', -24.248493347521222, -65.27438040822744, 20),
(1127, 'Parada 48', -24.248681655913053, -65.27245692908765, 20),
(1128, 'Parada 49', -24.248862933046375, -65.27053378522396, 20),
(1129, 'Parada 50', -24.249005081039353, -65.26921279728413, 20),
(1130, 'Parada 51', -24.24920194810488, -65.26723567396402, 20),
(1131, 'Parada 52', -24.249653762982113, -65.26476703584194, 20),
(1132, 'Parada 53', -24.249803246711966, -65.26340179145336, 20),
(1133, 'Parada 54', -24.249924300892076, -65.26217568665743, 20),
(1134, 'Parada 55', -24.250146233256356, -65.25975566357374, 20),
(1135, 'Parada 56', -24.25028134891383, -65.25792069733143, 20),
(1136, 'Parada 57', -24.25007286722837, -65.25673314929007, 20),
(1137, 'Parada 58', -24.249785516544595, -65.25499742478132, 20),
(1138, 'Parada 1', -24.25197639626749, -65.24793785065413, 21),
(1139, 'Parada 2', -24.25203203134326, -65.24900335818529, 21),
(1140, 'Parada 3', -24.251062999346075, -65.25035753846169, 21),
(1141, 'Parada 4', -24.25056625295195, -65.25348465889692, 21),
(1142, 'Parada 5', -24.249437332239832, -65.25389771908522, 21),
(1143, 'Parada 6', -24.249659571146665, -65.25498032569885, 21),
(1144, 'Parada 7', -24.2499417253479, -65.25665637105703, 21),
(1145, 'Parada 8', -24.250164574756734, -65.25796093046665, 21),
(1146, 'Parada 9', -24.25002181667558, -65.25955986231565, 21),
(1147, 'Parada 10', -24.24977665146, -65.26198592036963, 21),
(1148, 'Parada 11', -24.249697477056248, -65.26322778314352, 21),
(1149, 'Parada 12', -24.249539433794073, -65.2647690474987, 21),
(1150, 'Parada 13', -24.24898918492759, -65.26715151965618, 21),
(1151, 'Parada 14', -24.248874243752706, -65.26893317699432, 21),
(1152, 'Parada 15', -24.248680127436966, -65.27026019990444, 21),
(1153, 'Parada 16', -24.248500378521378, -65.27262657880783, 21),
(1154, 'Parada 17', -24.248281500247185, -65.2745658159256, 21),
(1155, 'Parada 18', -24.248121009653193, -65.27594916522503, 21),
(1156, 'Parada 19', -24.2343067491624, -65.2749476954341, 21),
(1157, 'Parada 20', -24.229730503974636, -65.27553711086512, 21),
(1158, 'Parada 21', -24.227789646944494, -65.27512237429619, 21),
(1159, 'Parada 22', -24.226057281701603, -65.27444511651993, 21),
(1160, 'Parada 23', -24.209213953338764, -65.2828250080347, 21),
(1161, 'Parada 24', -24.20305916951506, -65.28652008622885, 21),
(1162, 'Parada 25', -24.20021331864131, -65.28828129172325, 21),
(1163, 'Parada 26', -24.197013877662364, -65.29126357287169, 21),
(1164, 'Parada 27', -24.19611721243259, -65.295170545578, 21),
(1165, 'Parada 28', -24.193345828673717, -65.29663436114788, 21),
(1166, 'Parada 29', -24.192713986337957, -65.30214261263609, 21),
(1167, 'Parada 30', -24.18901492399217, -65.30214864760636, 21),
(1168, 'Parada 31', -24.185899921401848, -65.29353138059378, 21),
(1169, 'Parada 32', -24.18415108248537, -65.29801569879054, 21),
(1170, 'Parada 33', -24.181415529816856, -65.30498441308737, 21),
(1171, 'Parada 34', -24.18078882797554, -65.30767969787121, 21),
(1172, 'Parada 35', -24.179995735288802, -65.31213752925395, 21),
(1173, 'Parada 36', -24.180340744976938, -65.31469535082579, 21),
(1174, 'Parada 37', -24.182177722344417, -65.31209796667099, 21),
(1175, 'Parada 38', -24.185234704807005, -65.31121551990509, 21),
(1176, 'Parada 39', -24.18909566531594, -65.30709028244019, 21),
(1177, 'Parada 40', -24.19330974095763, -65.30195988714695, 21),
(1178, 'Parada 41', -24.195417491120125, -65.2980924770236, 21),
(1179, 'Parada 42', -24.196633132112357, -65.29411945492029, 21),
(1180, 'Parada 43', -24.197692488799518, -65.29081162065268, 21),
(1181, 'Parada 44', -24.200403839118337, -65.28869770467281, 21),
(1182, 'Parada 45', -24.203191582907884, -65.28682451695204, 21),
(1183, 'Parada 46', -24.209305078724384, -65.28311166912317, 21),
(1184, 'Parada 47', -24.21896583463017, -65.27436029165983, 21),
(1185, 'Parada 48', -24.2257833297979, -65.27466304600239, 21),
(1186, 'Parada 49', -24.227752957490758, -65.27541641145945, 21),
(1187, 'Parada 50', -24.229738453233715, -65.275853946805, 21),
(1188, 'Parada 51', -24.234228176591845, -65.27525044977665, 21),
(1189, 'Parada 52', -24.248371680587343, -65.27583450078964, 21),
(1190, 'Parada 53', -24.24846950325691, -65.2743998542428, 21),
(1191, 'Parada 54', -24.248694495111433, -65.27245558798313, 21),
(1192, 'Parada 55', -24.248862933046375, -65.27053378522396, 21),
(1193, 'Parada 56', -24.249005081039353, -65.26921279728413, 21),
(1194, 'Parada 57', -24.249203782268665, -65.26716493070126, 21),
(1195, 'Parada 58', -24.2496809696454, -65.26462085545063, 21),
(1196, 'Parada 59', -24.249788879162736, -65.26338301599026, 21),
(1197, 'Parada 60', -24.249902902434272, -65.26218306273222, 21),
(1198, 'Parada 61', -24.25013736819689, -65.25980897247791, 21),
(1199, 'Parada 62', -24.25027462370351, -65.25792706757784, 21),
(1200, 'Parada 63', -24.250070421693373, -65.25670498609543, 21),
(1201, 'Parada 64', -24.249801106864318, -65.25497328490019, 21),
(1202, 'Parada 65', -24.249643369423797, -65.25383938103914, 21),
(1203, 'Parada 66', -24.25062555693115, -65.25365464389324, 21),
(1204, 'Parada 67', -24.250992996433197, -65.25286071002483, 21),
(1205, 'Parada 68', -24.250986576950172, -65.249198153615, 21),
(1206, 'Parada 69', -24.251606514101034, -65.24791806936264, 21),
(1207, 'Parada 1', -24.249437332239832, -65.25389771908522, 22),
(1208, 'Parada 2', -24.249659571146665, -65.25498032569885, 22),
(1209, 'Parada 3', -24.249968014873236, -65.25666072964668, 22),
(1210, 'Parada 4', -24.25020859434687, -65.25809738785028, 22),
(1211, 'Parada 5', -24.25003710127437, -65.25956522673368, 22),
(1212, 'Parada 6', -24.24980660932964, -65.26203520596027, 22),
(1213, 'Parada 7', -24.249697477056248, -65.26322778314352, 22),
(1214, 'Parada 8', -24.249546770429543, -65.26482235640287, 22),
(1215, 'Parada 9', -24.24903075936953, -65.26716660708189, 22),
(1216, 'Parada 10', -24.248874243752706, -65.26893317699432, 22),
(1217, 'Parada 11', -24.248680127436966, -65.27026019990444, 22),
(1218, 'Parada 12', -24.2485138291293, -65.27250152081251, 22),
(1219, 'Parada 13', -24.248281500247185, -65.2745658159256, 22),
(1220, 'Parada 14', -24.248113978632055, -65.27606081217527, 22),
(1221, 'Parada 15', -24.234259666771855, -65.27498256415129, 22),
(1222, 'Parada 16', -24.22972347193734, -65.27555521577597, 22),
(1223, 'Parada 17', -24.227789646944494, -65.27512237429619, 22),
(1224, 'Parada 18', -24.226009584760757, -65.27443874627352, 22),
(1225, 'Parada 19', -24.221201274545745, -65.27254074811935, 22),
(1226, 'Parada 20', -24.209188572766724, -65.2828498184681, 22),
(1227, 'Parada 21', -24.20305916951506, -65.28652008622885, 22),
(1228, 'Parada 22', -24.200198028060992, -65.28843116015196, 22),
(1229, 'Parada 23', -24.19708268697781, -65.29127597808838, 22),
(1230, 'Parada 24', -24.19614748874887, -65.29514271765947, 22),
(1231, 'Parada 25', -24.193345828673717, -65.29663436114788, 22),
(1232, 'Parada 26', -24.19272040875887, -65.30201889574528, 22),
(1233, 'Parada 27', -24.189033274297515, -65.30214060097933, 22),
(1234, 'Parada 28', -24.185899921401848, -65.29353138059378, 22),
(1235, 'Parada 29', -24.18415108248537, -65.29790237545967, 22),
(1236, 'Parada 30', -24.181439080777732, -65.30487243086101, 22),
(1237, 'Parada 31', -24.18074294924253, -65.30783224850892, 22),
(1238, 'Parada 32', -24.18248327095964, -65.31132381409407, 22),
(1239, 'Parada 33', -24.18715724775361, -65.31113907694817, 22),
(1240, 'Parada 34', -24.189056823852177, -65.30713319778442, 22),
(1241, 'Parada 35', -24.193419839042605, -65.30169166624546, 22),
(1242, 'Parada 36', -24.1954092338964, -65.29803548008204, 22),
(1243, 'Parada 37', -24.196536798720686, -65.29436822980644, 22),
(1244, 'Parada 38', -24.197664659391727, -65.29085788875818, 22),
(1245, 'Parada 39', -24.203102593783754, -65.28680138289928, 22),
(1246, 'Parada 40', -24.2092390281158, -65.28315089643002, 22),
(1247, 'Parada 41', -24.21896583463017, -65.27436029165983, 22),
(1248, 'Parada 42', -24.22579984030878, -65.2746107429266, 22),
(1249, 'Parada 43', -24.227806462940595, -65.27536679059267, 22),
(1250, 'Parada 44', -24.22993932473085, -65.27585327625275, 22),
(1251, 'Parada 45', -24.234228176591845, -65.27525044977665, 22),
(1252, 'Parada 46', -24.24836740084383, -65.27580868452787, 22),
(1253, 'Parada 47', -24.248493347521222, -65.27438040822744, 22),
(1254, 'Parada 48', -24.248681655913053, -65.27245692908765, 22),
(1255, 'Parada 49', -24.248862933046375, -65.27053378522396, 22),
(1256, 'Parada 50', -24.249005081039353, -65.26921279728413, 22),
(1257, 'Parada 51', -24.24920194810488, -65.26723567396402, 22),
(1258, 'Parada 52', -24.249653762982113, -65.26476703584194, 22),
(1259, 'Parada 53', -24.249803246711966, -65.26340179145336, 22),
(1260, 'Parada 54', -24.249924300892076, -65.26217568665743, 22),
(1261, 'Parada 55', -24.250146233256356, -65.25975566357374, 22),
(1262, 'Parada 56', -24.25028134891383, -65.25792069733143, 22),
(1263, 'Parada 57', -24.25007286722837, -65.25673314929007, 22),
(1264, 'Parada 58', -24.249785516544595, -65.25499742478132, 22),
(1265, 'Parada 1', -24.236955564172703, -65.25645855814219, 23),
(1266, 'Parada 2', -24.23823195292349, -65.25190718472003, 23),
(1267, 'Parada 3', -24.237463981154022, -65.2542782574892, 23),
(1268, 'Parada 4', -24.236082109451498, -65.25872301310301, 23),
(1269, 'Parada 5', -24.23572777311798, -65.25993000715971, 23),
(1270, 'Parada 6', -24.235219960656107, -65.26133548468351, 23),
(1271, 'Parada 7', -24.23497507264604, -65.26238523423673, 23),
(1272, 'Parada 8', -24.234531766061096, -65.2636019513011, 23),
(1273, 'Parada 9', -24.234205246844205, -65.26551503688097, 23),
(1274, 'Parada 10', -24.233882089828253, -65.26669956743717, 23),
(1275, 'Parada 11', -24.233281021711054, -65.26845943182707, 23),
(1276, 'Parada 12', -24.23199999728091, -65.26857778429984, 23),
(1277, 'Parada 13', -24.232720919059393, -65.27137566357851, 23),
(1278, 'Parada 14', -24.233358066206137, -65.27402937412262, 23),
(1279, 'Parada 15', -24.229723166196596, -65.27560953050852, 23),
(1280, 'Parada 16', -24.22762607304838, -65.27500670403242, 23),
(1281, 'Parada 17', -24.225862213330597, -65.27435425668955, 23),
(1282, 'Parada 18', -24.209118241034695, -65.28287664055824, 23),
(1283, 'Parada 19', -24.20305916951506, -65.28652008622885, 23),
(1284, 'Parada 20', -24.200077232411996, -65.28841640800238, 23),
(1285, 'Parada 21', -24.197069842575086, -65.29133565723896, 23),
(1286, 'Parada 22', -24.196043509450792, -65.29524832963945, 23),
(1287, 'Parada 23', -24.19328252224973, -65.29673796147108, 23),
(1288, 'Parada 24', -24.192691354947435, -65.3021590411663, 23),
(1289, 'Parada 25', -24.18901278312303, -65.30182410031557, 23),
(1290, 'Parada 26', -24.185899921401848, -65.29353138059378, 23),
(1291, 'Parada 27', -24.184301866498252, -65.2976693585515, 23),
(1292, 'Parada 28', -24.181481288982436, -65.30474871397018, 23),
(1293, 'Parada 29', -24.180760994879478, -65.30765824019909, 23),
(1294, 'Parada 30', -24.182404054722245, -65.31132381409407, 23),
(1295, 'Parada 31', -24.18715724775361, -65.31113907694817, 23),
(1296, 'Parada 32', -24.18908343178532, -65.30702356249094, 23),
(1297, 'Parada 33', -24.193424426460755, -65.30169300734997, 23),
(1298, 'Parada 34', -24.1953746758802, -65.29809046536684, 23),
(1299, 'Parada 35', -24.19654230348789, -65.29429614543915, 23),
(1300, 'Parada 36', -24.19893563142391, -65.29210545122623, 23),
(1301, 'Parada 37', -24.200548487701266, -65.28874196112156, 23),
(1302, 'Parada 38', -24.209440543522863, -65.28306070715189, 23),
(1303, 'Parada 39', -24.21896583463017, -65.27436029165983, 23),
(1304, 'Parada 40', -24.225851206328958, -65.27468718588352, 23),
(1305, 'Parada 41', -24.227752957490758, -65.27541641145945, 23),
(1306, 'Parada 42', -24.229444941800402, -65.27584824711084, 23),
(1307, 'Parada 43', -24.23350267737455, -65.27396902441978, 23),
(1308, 'Parada 44', -24.233152308383126, -65.27154061943293, 23),
(1309, 'Parada 45', -24.233414320887363, -65.2690501883626, 23),
(1310, 'Parada 46', -24.23396096834303, -65.26689670979977, 23),
(1311, 'Parada 47', -24.23439143627557, -65.26546977460384, 23),
(1312, 'Parada 48', -24.234858284440357, -65.26395700871944, 23),
(1313, 'Parada 49', -24.234972015364534, -65.26265110820532, 23),
(1314, 'Parada 50', -24.235320850710465, -65.26156816631556, 23),
(1315, 'Parada 51', -24.23576018010578, -65.26013251394033, 23),
(1316, 'Parada 52', -24.23634992469696, -65.25829788297415, 23),
(1317, 'Parada 1', -24.191980299078256, -65.30086118727921, 24),
(1318, 'Parada 2', -24.191599232666896, -65.30228208750486, 24),
(1319, 'Parada 3', -24.189030827590283, -65.30185796320438, 24),
(1320, 'Parada 4', -24.185458279139194, -65.2940359711647, 24),
(1321, 'Parada 5', -24.18341673426884, -65.29963407665493, 24),
(1322, 'Parada 6', -24.18179754421698, -65.30340425670147, 24),
(1323, 'Parada 7', -24.18105033643873, -65.30648443847896, 24),
(1324, 'Parada 8', -24.18018200393308, -65.31045008450745, 24),
(1325, 'Parada 9', -24.182056297916777, -65.31003870069979, 24),
(1326, 'Parada 10', -24.1737429, -65.3078478, 24),
(1327, 'Parada 11', -24.174146333334527, -65.30543837696314, 24),
(1328, 'Parada 12', -24.174909792766822, -65.30318666249514, 24),
(1329, 'Parada 13', -24.175475043442844, -65.30175771564245, 24),
(1330, 'Parada 14', -24.175933848969176, -65.30007965862751, 24),
(1331, 'Parada 15', -24.177027022956796, -65.29548671096563, 24),
(1332, 'Parada 16', -24.17911454939599, -65.28598699718714, 24),
(1333, 'Parada 17', -24.181016692105093, -65.27726143598558, 24),
(1334, 'Parada 18', -24.1820192, -65.2722392, 24),
(1335, 'Parada 19', -24.17218688890845, -65.26649236679077, 24),
(1336, 'Parada 20', -24.17211714852755, -65.26639278978111, 24),
(1337, 'Parada 21', -24.179884096315845, -65.26836689561605, 24),
(1338, 'Parada 22', -24.18191958060177, -65.26777144521475, 24),
(1339, 'Parada 23', -24.178352338571862, -65.26413638144732, 24),
(1340, 'Parada 24', -24.17704721018916, -65.26278253644706, 24),
(1341, 'Parada 25', -24.1750202126032, -65.26033133268356, 24),
(1342, 'Parada 26', -24.181563258499523, -65.26629187166691, 24),
(1343, 'Parada 27', -24.18837663756161, -65.25999337434769, 24),
(1344, 'Parada 28', -24.179662653242126, -65.26967447251081, 24),
(1345, 'Parada 29', -24.181833329334395, -65.27227286249399, 24),
(1346, 'Parada 30', -24.179978912984048, -65.27960769832134, 24),
(1347, 'Parada 31', -24.179323147231, -65.28304059058428, 24),
(1348, 'Parada 32', -24.177628662284274, -65.29125418514013, 24),
(1349, 'Parada 33', -24.176973802056146, -65.29428105801344, 24),
(1350, 'Parada 34', -24.17649695403086, -65.29655255377293, 24),
(1351, 'Parada 35', -24.176044573789166, -65.29820948839188, 24),
(1352, 'Parada 36', -24.18211257524773, -65.30243530869484, 24),
(1353, 'Parada 37', -24.181383720719946, -65.30519932508469, 24),
(1354, 'Parada 38', -24.180331263340165, -65.30964072793722, 24),
(1355, 'Parada 39', -24.18413487242875, -65.31129330396652, 24),
(1356, 'Parada 40', -24.18736613828221, -65.31116522848606, 24),
(1357, 'Parada 41', -24.189072115768454, -65.3053652867675, 24),
(1358, 'Parada 42', -24.18879808435073, -65.30043035745621, 24),
(1359, 'Parada 43', -24.19105485010417, -65.29996734112503, 24),
(1360, 'Parada 44', -24.19197448828279, -65.30089069157839, 24),
(1361, 'Parada 1', -24.191979993246935, -65.3008608520031, 25),
(1362, 'Parada 2', -24.19155029949788, -65.30235316604376, 25),
(1363, 'Parada 3', -24.189008501384667, -65.30169870704412, 25),
(1364, 'Parada 4', -24.18543656400236, -65.29413789510727, 25),
(1365, 'Parada 5', -24.183481574847928, -65.29951002448797, 25),
(1366, 'Parada 6', -24.18180488475471, -65.30334290117025, 25),
(1367, 'Parada 7', -24.18105033643873, -65.30648443847896, 25),
(1368, 'Parada 8', -24.18018200393308, -65.31045008450745, 25),
(1369, 'Parada 9', -24.18207281409256, -65.31004004180431, 25),
(1370, 'Parada 10', -24.1737429, -65.3078478, 25),
(1371, 'Parada 11', -24.174133792496438, -65.3055513650179, 25),
(1372, 'Parada 12', -24.173551712728777, -65.30353568494318, 25),
(1373, 'Parada 13', -24.172211359208514, -65.3036654368043, 25),
(1374, 'Parada 14', -24.17114414388855, -65.30385218560696, 25),
(1375, 'Parada 15', -24.171482754014843, -65.30238635838032, 25),
(1376, 'Parada 16', -24.171779763603013, -65.30122596770526, 25),
(1377, 'Parada 17', -24.17179046939401, -65.299290753901, 25),
(1378, 'Parada 18', -24.171556471186165, -65.29724255204202, 25),
(1379, 'Parada 19', -24.170095272675663, -65.29688548296691, 25),
(1380, 'Parada 20', -24.160773429740967, -65.29685094952583, 25),
(1381, 'Parada 21', -24.15527220148265, -65.29359005391598, 25),
(1382, 'Parada 22', -24.156025372571072, -65.29340196400881, 25),
(1383, 'Parada 23', -24.156633841015964, -65.2931585535407, 25),
(1384, 'Parada 24', -24.15740902989946, -65.29329199343921, 25),
(1385, 'Parada 25', -24.158489820124295, -65.29372416436672, 25),
(1386, 'Parada 26', -24.15945037890976, -65.2938924729824, 25),
(1387, 'Parada 27', -24.16096064415058, -65.29434476047754, 25),
(1388, 'Parada 28', -24.16094596067739, -65.29434744268656, 25),
(1389, 'Parada 29', -24.171373248760617, -65.30236758291721, 25),
(1390, 'Parada 30', -24.17289224342648, -65.30375361442566, 25),
(1391, 'Parada 31', -24.174486464863588, -65.30356451869011, 25),
(1392, 'Parada 32', -24.17796970212801, -65.30931785702705, 25),
(1393, 'Parada 33', -24.181412777106853, -65.31007658690214, 25),
(1394, 'Parada 34', -24.184046481706435, -65.31125776469707, 25),
(1395, 'Parada 35', -24.187358186379637, -65.31112901866435, 25),
(1396, 'Parada 36', -24.189072115768454, -65.3053652867675, 25),
(1397, 'Parada 37', -24.18879808435073, -65.30043035745621, 25),
(1398, 'Parada 38', -24.191083292621443, -65.2999847754836, 25),
(1399, 'Parada 39', -24.191953080086645, -65.30091416090728, 25),
(1400, 'Parada 1', -24.191945434301427, -65.3010318428278, 26),
(1401, 'Parada 2', -24.189027463367776, -65.30176039785147, 26),
(1402, 'Parada 3', -24.185477241650037, -65.29405407607555, 26),
(1403, 'Parada 4', -24.183518582899524, -65.29940843582153, 26),
(1404, 'Parada 5', -24.18179754421698, -65.30340425670147, 26),
(1405, 'Parada 6', -24.18113597652071, -65.3062279522419, 26),
(1406, 'Parada 7', -24.18018200393308, -65.31045008450745, 26),
(1407, 'Parada 8', -24.18206853212127, -65.31006284058093, 26),
(1408, 'Parada 9', -24.1737429, -65.3078478, 26),
(1409, 'Parada 10', -24.174146333334527, -65.30543837696314, 26),
(1410, 'Parada 11', -24.174909792766822, -65.30318666249514, 26),
(1411, 'Parada 12', -24.175475043442844, -65.30175771564245, 26),
(1412, 'Parada 13', -24.175978200082636, -65.29995292425156, 26),
(1413, 'Parada 14', -24.177086055309125, -65.29526576399803, 26),
(1414, 'Parada 15', -24.173908668949416, -65.29039923101664, 26),
(1415, 'Parada 16', -24.17222481787153, -65.29038783162832, 26),
(1416, 'Parada 17', -24.171209602465385, -65.29064264148475, 26),
(1417, 'Parada 18', -24.16955569252695, -65.29062118381263, 26),
(1418, 'Parada 19', -24.166945854312566, -65.29056787490845, 26),
(1419, 'Parada 20', -24.165626232265684, -65.2906396239996, 26),
(1420, 'Parada 21', -24.164179648989535, -65.29074288904667, 26),
(1421, 'Parada 22', -24.162789641078398, -65.2917068079114, 26),
(1422, 'Parada 23', -24.161507296419927, -65.29181141406298, 26),
(1423, 'Parada 24', -24.16151280269836, -65.2915794029832, 26),
(1424, 'Parada 25', -24.16209065471089, -65.29110699892044, 26),
(1425, 'Parada 26', -24.16391107029511, -65.29101513326168, 26),
(1426, 'Parada 27', -24.16687274626209, -65.29083743691444, 26),
(1427, 'Parada 28', -24.16828075712929, -65.29074188321829, 26),
(1428, 'Parada 29', -24.16941437353972, -65.29073618352413, 26),
(1429, 'Parada 30', -24.171202873080535, -65.29078915715218, 26),
(1430, 'Parada 31', -24.17219575939277, -65.29057960957287, 26),
(1431, 'Parada 32', -24.174088828993632, -65.29058195650578, 26),
(1432, 'Parada 33', -24.177628662284274, -65.29125418514013, 26),
(1433, 'Parada 34', -24.176973802056146, -65.29428105801344, 26),
(1434, 'Parada 35', -24.17649695403086, -65.29655255377293, 26),
(1435, 'Parada 36', -24.176044573789166, -65.29820948839188, 26),
(1436, 'Parada 37', -24.182118386492444, -65.30246414244175, 26),
(1437, 'Parada 38', -24.181306033084546, -65.305435359478, 26),
(1438, 'Parada 39', -24.180331263340165, -65.30964072793722, 26),
(1439, 'Parada 40', -24.18413487242875, -65.31129330396652, 26),
(1440, 'Parada 41', -24.18756952331451, -65.31099926680326, 26),
(1441, 'Parada 42', -24.189072115768454, -65.3053652867675, 26),
(1442, 'Parada 43', -24.18879808435073, -65.30043035745621, 26),
(1443, 'Parada 44', -24.191031606752027, -65.30002735555172, 26),
(1444, 'Parada 45', -24.19194849261557, -65.30071903020144, 26),
(1445, 'Parada 1', -24.267589639028422, -65.23617133498192, 27),
(1446, 'Parada 2', -24.266387207194633, -65.23577906191349, 27),
(1447, 'Parada 3', -24.26220672716327, -65.23956030607224, 27),
(1448, 'Parada 4', -24.261842376700212, -65.24052020162344, 27),
(1449, 'Parada 5', -24.26187691667986, -65.2426103129983, 27),
(1450, 'Parada 6', -24.263937377601355, -65.2434927597642, 27),
(1451, 'Parada 7', -24.263507315307244, -65.24484325200318, 27),
(1452, 'Parada 8', -24.262902719230617, -65.24720594286917, 27),
(1453, 'Parada 9', -24.25984454385489, -65.24635165929794, 27),
(1454, 'Parada 10', -24.25916504122632, -65.2461189776659, 27),
(1455, 'Parada 11', -24.252675806878365, -65.24576123803855, 27),
(1456, 'Parada 12', -24.252319988324473, -65.24772059172392, 27),
(1457, 'Parada 13', -24.253473949515197, -65.25058317929506, 27),
(1458, 'Parada 14', -24.253693430220086, -65.2542108669877, 27),
(1459, 'Parada 15', -24.252609473082554, -65.25623224675655, 27),
(1460, 'Parada 16', -24.250134616971415, -65.2580450847745, 27),
(1461, 'Parada 17', -24.250049023260157, -65.25938518345356, 27),
(1462, 'Parada 18', -24.249765646526505, -65.26181023567915, 27),
(1463, 'Parada 19', -24.249697477056248, -65.26322778314352, 27),
(1464, 'Parada 20', -24.249486854560804, -65.26467584073544, 27),
(1465, 'Parada 21', -24.25055952775668, -65.26680383831263, 27),
(1466, 'Parada 22', -24.24919124881568, -65.26900861412287, 27),
(1467, 'Parada 23', -24.249196139919437, -65.26719812303782, 27),
(1468, 'Parada 24', -24.247771598002494, -65.26398953050375, 27),
(1469, 'Parada 25', -24.244936834408286, -65.26229940354824, 27),
(1470, 'Parada 26', -24.244369751827154, -65.25913406163454, 27),
(1471, 'Parada 27', -24.243617102470786, -65.25642905384304, 27),
(1472, 'Parada 28', -24.241499755502524, -65.25187868624926, 27),
(1473, 'Parada 29', -24.240046695823573, -65.25192361325026, 27),
(1474, 'Parada 30', -24.23827108511887, -65.25181867182255, 27),
(1475, 'Parada 31', -24.237491801868288, -65.25424741208553, 27),
(1476, 'Parada 32', -24.236759289605256, -65.25648269802332, 27),
(1477, 'Parada 33', -24.236027996028657, -65.25872636586428, 27),
(1478, 'Parada 34', -24.23572777311798, -65.25993000715971, 27),
(1479, 'Parada 35', -24.235287832156022, -65.26123691350222, 27),
(1480, 'Parada 36', -24.234912704088796, -65.26235539466143, 27),
(1481, 'Parada 37', -24.23457517960174, -65.26348393410443, 27),
(1482, 'Parada 38', -24.234148686782387, -65.26567362248898, 27),
(1483, 'Parada 39', -24.233854574055787, -65.26671499013901, 27),
(1484, 'Parada 40', -24.23331770957168, -65.2683648839593, 27),
(1485, 'Parada 41', -24.23201375536833, -65.26855934411287, 27),
(1486, 'Parada 42', -24.232720919059393, -65.27137566357851, 27),
(1487, 'Parada 43', -24.23330578601815, -65.27376886457205, 27),
(1488, 'Parada 44', -24.229647036724437, -65.27554113417864, 27),
(1489, 'Parada 45', -24.22786638901772, -65.27511768043041, 27),
(1490, 'Parada 46', -24.225931618568943, -65.27439918369055, 27),
(1491, 'Parada 47', -24.22099947197896, -65.27223128825426, 27),
(1492, 'Parada 48', -24.225783024047676, -65.2746332064271, 27),
(1493, 'Parada 49', -24.227752957490758, -65.27541641145945, 27),
(1494, 'Parada 50', -24.229820391721347, -65.27585797011852, 27),
(1495, 'Parada 51', -24.233532027612775, -65.27395728975534, 27),
(1496, 'Parada 52', -24.233088716002033, -65.27152854949236, 27),
(1497, 'Parada 53', -24.233505123227992, -65.26918563991785, 27),
(1498, 'Parada 54', -24.233922752014465, -65.26695270091295, 27),
(1499, 'Parada 55', -24.23436697790933, -65.26549626141787, 27),
(1500, 'Parada 56', -24.234871430762055, -65.26398181915283, 27),
(1501, 'Parada 57', -24.23498607885885, -65.26267994195223, 27),
(1502, 'Parada 58', -24.235371295707655, -65.26151116937399, 27),
(1503, 'Parada 59', -24.235756511390594, -65.26013653725386, 27),
(1504, 'Parada 60', -24.236306511761647, -65.2584283053875, 27),
(1505, 'Parada 61', -24.23694914398136, -65.2564364299178, 27),
(1506, 'Parada 62', -24.237530017125227, -65.25452669709921, 27),
(1507, 'Parada 63', -24.23803017735011, -65.25293748825788, 27),
(1508, 'Parada 64', -24.238622968616383, -65.25106262415648, 27),
(1509, 'Parada 65', -24.239720496472238, -65.25148808956146, 27),
(1510, 'Parada 66', -24.24045207454569, -65.25187030434608, 27),
(1511, 'Parada 67', -24.241244791044906, -65.2524459734559, 27),
(1512, 'Parada 68', -24.241931726493135, -65.25395940989257, 27),
(1513, 'Parada 69', -24.24373113127441, -65.25845814496279, 27),
(1514, 'Parada 70', -24.243939623353484, -65.26140287518501, 27),
(1515, 'Parada 71', -24.244866828123982, -65.26266485452652, 27),
(1516, 'Parada 72', -24.248597895396568, -65.26484414935112, 27),
(1517, 'Parada 73', -24.248988879233117, -65.26716258376837, 27),
(1518, 'Parada 74', -24.248816773126315, -65.26895865797997, 27),
(1519, 'Parada 75', -24.250375501821072, -65.26932746171951, 27),
(1520, 'Parada 76', -24.250799494731233, -65.26715990155935, 27),
(1521, 'Parada 77', -24.249712456001276, -65.26460073888302, 27),
(1522, 'Parada 78', -24.25010710471336, -65.25984115898609, 27),
(1523, 'Parada 79', -24.250299690394737, -65.25790695101023, 27),
(1524, 'Parada 80', -24.25196386308773, -65.2569329738617, 27),
(1525, 'Parada 81', -24.25274214063957, -65.25639954954386, 27),
(1526, 'Parada 82', -24.253911687815584, -65.25415889918804, 27),
(1527, 'Parada 83', -24.25389304117291, -65.25064386427402, 27),
(1528, 'Parada 84', -24.252767818215265, -65.24609550833702, 27),
(1529, 'Parada 85', -24.25935975287709, -65.24636473506689, 27),
(1530, 'Parada 86', -24.261179390670303, -65.24697359651327, 27),
(1531, 'Parada 87', -24.263147859139135, -65.24704065173864, 27),
(1532, 'Parada 88', -24.264129942336044, -65.2433355152607, 27),
(1533, 'Parada 89', -24.261407111019714, -65.24226129055023, 27),
(1534, 'Parada 90', -24.261842988027375, -65.24086117744446, 27),
(1535, 'Parada 91', -24.262283448478346, -65.239765830338, 27),
(1536, 'Parada 92', -24.263356930707527, -65.23684054613113, 27),
(1537, 'Parada 93', -24.263843234736, -65.23514304310083, 27),
(1538, 'Parada 94', -24.265116297125033, -65.23552391678095, 27),
(1539, 'Parada 95', -24.26608522201846, -65.23582432419062, 27),
(1540, 'Parada 96', -24.26754745935491, -65.23630779236555, 27),
(1541, 'Parada 1', -24.207522923452466, -65.2849228307605, 2),
(1542, 'Parada 2', -24.20815591556737, -65.29128335416317, 2),
(1543, 'Parada 3', -24.206925706270308, -65.29249906539917, 2),
(1544, 'Parada 4', -24.20555879312401, -65.29382273554802, 2),
(1545, 'Parada 5', -24.203008405914584, -65.29634568840265, 2),
(1546, 'Parada 6', -24.201754905536113, -65.29757983982563, 2),
(1547, 'Parada 7', -24.195563368651104, -65.29547531157732, 2),
(1548, 'Parada 8', -24.1927412051672, -65.30166853219272, 2),
(1549, 'Parada 9', -24.1890210407609, -65.30205108225346, 2),
(1550, 'Parada 10', -24.183495949877504, -65.29948890209198, 2),
(1551, 'Parada 11', -24.181742796026494, -65.30359670519829, 2),
(1552, 'Parada 12', -24.18018261565233, -65.3105966001749, 2),
(1553, 'Parada 13', -24.182059356468013, -65.31011145561934, 2),
(1554, 'Parada 14', -24.178302788593435, -65.30883036553858, 2),
(1555, 'Parada 15', -24.170488944508552, -65.31152732670307, 2),
(1556, 'Parada 16', -24.16920606539671, -65.31524017453194, 2),
(1557, 'Parada 17', -24.169177618002777, -65.31754352152348, 2),
(1558, 'Parada 18', -24.16842115970788, -65.32117187976837, 2),
(1559, 'Parada 19', -24.16782681832409, -65.32364889979361, 2),
(1560, 'Parada 20', -24.16758424793705, -65.32566256821156, 2),
(1561, 'Parada 21', -24.167300075989516, -65.32761890441179, 2),
(1562, 'Parada 22', -24.166516993937844, -65.33105213195086, 2),
(1563, 'Parada 23', -24.163554392021357, -65.33185344189407, 2),
(1564, 'Parada 24', -24.16366726887269, -65.33410515636206, 2),
(1565, 'Parada 25', -24.163320378719074, -65.33763024955988, 2),
(1566, 'Parada 26', -24.16330447191696, -65.33774323761463, 2),
(1567, 'Parada 27', -24.164380623793452, -65.33751592040062, 2),
(1568, 'Parada 28', -24.1649988411084, -65.33477202057838, 2),
(1569, 'Parada 29', -24.165823228170648, -65.3321310505271, 2),
(1570, 'Parada 30', -24.166630479954613, -65.33104844391346, 2),
(1571, 'Parada 31', -24.167606883780806, -65.32618124037981, 2),
(1572, 'Parada 32', -24.16792164394909, -65.32379273325205, 2),
(1573, 'Parada 33', -24.168476831275814, -65.32138545066118, 2),
(1574, 'Parada 34', -24.16930364296856, -65.31753145158291, 2),
(1575, 'Parada 35', -24.1693027253115, -65.315205976367, 2),
(1576, 'Parada 36', -24.17046263858087, -65.31206343322992, 2),
(1577, 'Parada 37', -24.177918622675815, -65.30929539352655, 2),
(1578, 'Parada 38', -24.181447338905834, -65.31002629548311, 2),
(1579, 'Parada 39', -24.1841856435426, -65.31124133616686, 2),
(1580, 'Parada 40', -24.187446268965235, -65.31104050576687, 2),
(1581, 'Parada 41', -24.189072115768454, -65.3033160790801, 2),
(1582, 'Parada 42', -24.18875159681968, -65.30060470104218, 2),
(1583, 'Parada 43', -24.193738205470197, -65.30115153640509, 2),
(1584, 'Parada 44', -24.195366724476916, -65.29814578592777, 2),
(1585, 'Parada 45', -24.197298595077672, -65.29633060097694, 2),
(1586, 'Parada 46', -24.203304424697603, -65.29643587768078, 2),
(1587, 'Parada 47', -24.207125084770322, -65.29262077063322, 2),
(1588, 'Parada 48', -24.209339021384935, -65.29039151966572, 2),
(1589, 'Parada 49', -24.21096214274287, -65.28332021087408, 2),
(1590, 'Parada 50', -24.207630562913177, -65.28489600867033, 2),
(1591, 'Parada 1', -24.16414691790324, -65.33782806247473, 7),
(1592, 'Parada 2', -24.16496213358298, -65.34080263227224, 7),
(1593, 'Parada 3', -24.166153899185023, -65.34115198999645, 7),
(1594, 'Parada 4', -24.165940691422755, -65.33213205635548, 7),
(1595, 'Parada 5', -24.166637209580486, -65.33102262765169, 7),
(1596, 'Parada 6', -24.167280804887294, -65.32803297042847, 7),
(1597, 'Parada 7', -24.167641449318264, -65.32597839832306, 7),
(1598, 'Parada ficticia', -24.1767316, -65.3227789, 7),
(1599, 'Parada 8', -24.18431899408276, -65.31122926622629, 7),
(1600, 'Parada 9', -24.187573499259283, -65.31102742999792, 7),
(1601, 'Parada 10', -24.189051012923507, -65.30305154621601, 7),
(1602, 'Parada 11', -24.193782856221656, -65.30107375234365, 7),
(1603, 'Parada 12', -24.20929345871239, -65.28318911790848, 7),
(1604, 'Parada 13', -24.221194853559908, -65.27272548526525, 7),
(1605, 'Parada 14', -24.221194853559908, -65.27272548526525, 7),
(1606, 'Parada 15', -24.209332294011478, -65.28274588286877, 7),
(1607, 'Parada 16', -24.203072013314383, -65.28646543622017, 7),
(1608, 'Parada 17', -24.200282126230075, -65.28834968805313, 7),
(1609, 'Parada 18', -24.197075041500153, -65.29136348515749, 7),
(1610, 'Parada 19', -24.192757414130163, -65.30161622911692, 7),
(1611, 'Parada 20', -24.19157904773695, -65.30239205807447, 7),
(1612, 'Parada 21', -24.189034191812706, -65.30187673866749, 7),
(1613, 'Parada 22', -24.183374220852404, -65.29980339109898, 7),
(1614, 'Parada 23', -24.18102953812444, -65.30656892806292, 7),
(1615, 'Parada 24', -24.18015539414342, -65.31074546277523, 7),
(1616, 'Parada 25', -24.17987553222621, -65.31381893903017, 7),
(1617, 'Parada 26', -24.179458338021124, -65.31904891133308, 7),
(1618, 'Parada 27', -24.17009924916489, -65.31824726611376, 7),
(1619, 'Parada 28', -24.16733892407564, -65.32724741846323, 7),
(1620, 'Parada 29', -24.16649374611603, -65.33116344362497, 7),
(1621, 'Parada 30', -24.169840777107357, -65.33184673637152, 7),
(1622, 'Parada 31', -24.16885337844137, -65.33585295081139, 7),
(1623, 'Parada 32', -24.16414691790324, -65.33782806247473, 7),
(1624, 'Parada 1', -24.207127836925356, -65.26289720088243, 34),
(1625, 'Parada 2', -24.208961064762796, -65.26174753904343, 34),
(1626, 'Parada 3', -24.210074137688675, -65.26309736073017, 34),
(1627, 'Parada 4', -24.211943711376698, -65.26549559086561, 34),
(1628, 'Parada 5', -24.212406055104196, -65.26746667921543, 34),
(1629, 'Parada 6', -24.210755431375148, -65.26924699544907, 34),
(1630, 'Parada 7', -24.209519131387342, -65.27057133615017, 34),
(1631, 'Parada 8', -24.20850635332814, -65.27176558971405, 34),
(1632, 'Parada 9', -24.206442242692148, -65.27410447597504, 34),
(1633, 'Parada 10', -24.205319352466663, -65.27539763599634, 34),
(1634, 'Parada 11', -24.202998008548143, -65.27721416205168, 34),
(1635, 'Parada 12', -24.201831051678006, -65.2778796851635, 34),
(1636, 'Parada 13', -24.198812388059256, -65.27970425784586, 34),
(1637, 'Parada 14', -24.197396456985523, -65.28113052248955, 34),
(1638, 'Parada 15', -24.19605727142157, -65.28263155370949, 34),
(1639, 'Parada 16', -24.191685783163646, -65.28729289770128, 34),
(1640, 'Parada 17', -24.190653901685838, -65.29212489724159, 34),
(1641, 'Parada 18', -24.189978005617863, -65.30091818422079, 34),
(1642, 'Parada 19', -24.188802977774063, -65.30078239738941, 34),
(1643, 'Parada 20', -24.185283640398858, -65.29450133442877, 34),
(1644, 'Parada 21', -24.181640640122193, -65.30411772429943, 34),
(1645, 'Parada 22', -24.18096286115281, -65.30704401433468, 34),
(1646, 'Parada 23', -24.18009024601421, -65.31106900423765, 34),
(1647, 'Parada 24', -24.18150208722311, -65.31477950513363, 34),
(1648, 'Parada 25', -24.181491382246712, -65.31477615237236, 34),
(1649, 'Parada 26', -24.18290381965886, -65.31130705028772, 34),
(1650, 'Parada 27', -24.187690024970138, -65.3108973428607, 34),
(1651, 'Parada 28', -24.189090160227313, -65.30421730130912, 34),
(1652, 'Parada 29', -24.191187275963912, -65.30140299350023, 34),
(1653, 'Parada 30', -24.191461913913763, -65.29902521520853, 34),
(1654, 'Parada 31', -24.192157681128585, -65.29374830424786, 34),
(1655, 'Parada 32', -24.191861636465493, -65.28925392776728, 34),
(1656, 'Parada 33', -24.19148638051756, -65.28757452964783, 34),
(1657, 'Parada 34', -24.19337274154011, -65.28651103377342, 34),
(1658, 'Parada 35', -24.194645591302116, -65.28390996158123, 34),
(1659, 'Parada 36', -24.195702517922413, -65.28317134827375, 34),
(1660, 'Parada 37', -24.19731725000965, -65.28143126517534, 34),
(1661, 'Parada 38', -24.198996794339823, -65.27980249375105, 34),
(1662, 'Parada 39', -24.201834721370446, -65.27820758521557, 34),
(1663, 'Parada 40', -24.203048466347955, -65.2775266394019, 34),
(1664, 'Parada 41', -24.204517849879764, -65.27665626257658, 34),
(1665, 'Parada 42', -24.20528449133729, -65.27581974864006, 34),
(1666, 'Parada 43', -24.20729785883173, -65.27353517711163, 34),
(1667, 'Parada 44', -24.208527758744776, -65.27214143425226, 34),
(1668, 'Parada 45', -24.210797629876865, -65.26964496821165, 34),
(1669, 'Parada 46', -24.211928116420133, -65.2683176100254, 34),
(1670, 'Parada 47', -24.2129057024579, -65.26729300618172, 34),
(1671, 'Parada 48', -24.212123817697524, -65.26536751538514, 34),
(1672, 'Parada 49', -24.211333060377093, -65.26442170143127, 34),
(1673, 'Parada 50', -24.21027075917589, -65.26303499937057, 34),
(1674, 'Parada 51', -24.209192548037375, -65.26161041110753, 34),
(1675, 'Parada 52', -24.208118608872905, -65.26031289249657, 34),
(1676, 'Parada 1', -24.208915807745836, -65.2615125104785, 35),
(1677, 'Parada 2', -24.208547635199874, -65.26451323181391, 35),
(1678, 'Parada 3', -24.209857639650426, -65.26590395718813, 35);
INSERT INTO `mc_paradas_colectivos` (`id`, `nombre`, `latitud`, `longitud`, `id_linea`) VALUES
(1679, 'Parada 4', -24.210430074341932, -65.26749316602945, 35),
(1680, 'Parada 5', -24.209519131387342, -65.27057133615017, 35),
(1681, 'Parada 6', -24.212107916979964, -65.27707669883966, 35),
(1682, 'Parada 7', -24.209312111889027, -65.28036307543516, 35),
(1683, 'Parada 8', -24.204599498790486, -65.28284713625908, 35),
(1684, 'Parada 9', -24.200517600808325, -65.28522826731205, 35),
(1685, 'Parada 10', -24.199273250353656, -65.28614088892937, 35),
(1686, 'Parada 11', -24.19734140967159, -65.28751820325851, 35),
(1687, 'Parada 12', -24.195097905589535, -65.2890071645379, 35),
(1688, 'Parada 13', -24.19292103279186, -65.29030669480562, 35),
(1689, 'Parada 14', -24.190653901685838, -65.29212489724159, 35),
(1690, 'Parada 15', -24.192042688655114, -65.30061341822147, 35),
(1691, 'Parada 16', -24.19156161529488, -65.30240748077631, 35),
(1692, 'Parada 17', -24.189053153791985, -65.30221838504076, 35),
(1693, 'Parada 18', -24.1854870287513, -65.29400680214167, 35),
(1694, 'Parada 19', -24.183438755601273, -65.29953684657812, 35),
(1695, 'Parada 20', -24.181822012674424, -65.30334524810314, 35),
(1696, 'Parada 21', -24.181156163103097, -65.30607908964157, 35),
(1697, 'Parada 22', -24.180230023884327, -65.31024556607008, 35),
(1698, 'Parada 23', -24.179889907662044, -65.3136120736599, 35),
(1699, 'Parada 24', -24.179707614781282, -65.31593654304743, 35),
(1700, 'Parada 25', -24.179450997348425, -65.31913038343191, 35),
(1701, 'Parada 26', -24.17957089494982, -65.32467886805534, 35),
(1702, 'Parada 27', -24.178889128771623, -65.3286699950695, 35),
(1703, 'Parada 28', -24.178782382638246, -65.33225208520889, 35),
(1704, 'Parada 29', -24.179033495893055, -65.33362235873938, 35),
(1705, 'Parada 30', -24.179300207603063, -65.33531952649355, 35),
(1706, 'Parada 31', -24.179119443190753, -65.33743511885405, 35),
(1707, 'Parada 32', -24.179428975327756, -65.3412039577961, 35),
(1708, 'Parada 33', -24.17882856793901, -65.3440598398447, 35),
(1709, 'Parada 34', -24.178278319461178, -65.34742400050163, 35),
(1710, 'Parada 35', -24.17716405138044, -65.34964889287949, 35),
(1711, 'Parada 36', -24.175829241454323, -65.34925695508717, 35),
(1712, 'Parada 37', -24.17534780108475, -65.34812808036804, 35),
(1713, 'Parada 38', -24.17459474395513, -65.34878253936768, 35),
(1714, 'Parada 39', -24.179038389690906, -65.3442569822073, 35),
(1715, 'Parada 40', -24.17971403785701, -65.34141417592764, 35),
(1716, 'Parada 41', -24.179360768211865, -65.33733922988176, 35),
(1717, 'Parada 42', -24.179453750100738, -65.33530108630657, 35),
(1718, 'Parada 43', -24.179172969058644, -65.33362202346325, 35),
(1719, 'Parada 44', -24.179045730387358, -65.32893922179937, 35),
(1720, 'Parada 45', -24.17971801404658, -65.32478347420692, 35),
(1721, 'Parada 46', -24.18105614773183, -65.32211735844612, 35),
(1722, 'Parada 47', -24.181844951848998, -65.3166288882494, 35),
(1723, 'Parada 48', -24.182167629134433, -65.31248420476913, 35),
(1724, 'Parada 49', -24.18462790190873, -65.31124234199525, 35),
(1725, 'Parada 50', -24.189064469810532, -65.30475776642561, 35),
(1726, 'Parada 51', -24.191142012637027, -65.301856957376, 35),
(1727, 'Parada 52', -24.191735939608357, -65.29691800475119, 35),
(1728, 'Parada 53', -24.19218520590738, -65.29357865452766, 35),
(1729, 'Parada 54', -24.19372352576767, -65.29007233679295, 35),
(1730, 'Parada 55', -24.195634013684753, -65.28885964304209, 35),
(1731, 'Parada 56', -24.197172291941826, -65.2878450974822, 35),
(1732, 'Parada 57', -24.19861513726489, -65.28682686388493, 35),
(1733, 'Parada 58', -24.200646347114624, -65.28539657592773, 35),
(1734, 'Parada 59', -24.203433168189356, -65.28365515172482, 35),
(1735, 'Parada 60', -24.204897348680593, -65.28298493474722, 35),
(1736, 'Parada 61', -24.207053528718777, -65.2821671962738, 35),
(1737, 'Parada 62', -24.208787681374194, -65.28090253472328, 35),
(1738, 'Parada 63', -24.21070528241291, -65.27935691177845, 35),
(1739, 'Parada 64', -24.21311760860801, -65.2761198207736, 35),
(1740, 'Parada 65', -24.213527353988127, -65.27484275400639, 35),
(1741, 'Parada 66', -24.211834546640656, -65.27308322489262, 35),
(1742, 'Parada 67', -24.209773242010442, -65.27082446962595, 35),
(1743, 'Parada 68', -24.208690439793724, -65.26970531791449, 35),
(1744, 'Parada 69', -24.20937388140527, -65.26884265244007, 35),
(1745, 'Parada 70', -24.210287883272382, -65.26780866086483, 35),
(1746, 'Parada 71', -24.209809936643396, -65.26610713452102, 35),
(1747, 'Parada 72', -24.20888675762514, -65.26464533060789, 35),
(1748, 'Parada 73', -24.20762689338762, -65.26302862912416, 35),
(1749, 'Parada 74', -24.208969626899343, -65.26176396757363, 35),
(1750, 'Parada 75', -24.210645959834526, -65.26011977344751, 35),
(1751, 'Parada 76', -24.21028696591014, -65.25936137884855, 35),
(1752, 'Parada 77', -24.209194994357716, -65.25810174643993, 35),
(1753, 'Parada 1', -24.19202372712029, -65.30035357922316, 36),
(1754, 'Parada 2', -24.19126037008628, -65.30239339917898, 36),
(1755, 'Parada 3', -24.18905009540843, -65.30186533927917, 36),
(1756, 'Parada 4', -24.184617503043587, -65.29747657477856, 36),
(1757, 'Parada 5', -24.18178011043821, -65.30341934412718, 36),
(1758, 'Parada 6', -24.18115096352916, -65.30619945377111, 36),
(1759, 'Parada 7', -24.180215648486815, -65.31028378754854, 36),
(1760, 'Parada 8', -24.179888378360438, -65.31351283192635, 36),
(1761, 'Parada 9', -24.179448856318807, -65.31916189938784, 36),
(1762, 'Parada 10', -24.179578847337762, -65.32455280423164, 36),
(1763, 'Parada 11', -24.17889371671232, -65.32855298370124, 36),
(1764, 'Parada 12', -24.179033495893055, -65.33362235873938, 36),
(1765, 'Parada 13', -24.179299595879606, -65.33529706299305, 36),
(1766, 'Parada 14', -24.17911026732543, -65.33744718879461, 36),
(1767, 'Parada 15', -24.1794592556052, -65.34117914736271, 36),
(1768, 'Parada 16', -24.17893623162157, -65.3444655239582, 36),
(1769, 'Parada 17', -24.17704996299333, -65.3510969504714, 36),
(1770, 'Parada 18', -24.176535187581596, -65.35472195595503, 36),
(1771, 'Parada 19', -24.175269498032108, -65.35830236971377, 36),
(1772, 'Parada 20', -24.170583768156344, -65.36608882248402, 36),
(1773, 'Parada 21', -24.167565588657418, -65.36887094378471, 36),
(1774, 'Parada 22', -24.163660233191113, -65.3758979961276, 36),
(1775, 'Parada 23', -24.162347612944938, -65.37818223237991, 36),
(1776, 'Parada 24', -24.16266942181364, -65.38075111806393, 36),
(1777, 'Parada 25', -24.163498106508086, -65.38247779011726, 36),
(1778, 'Parada 26', -24.16449564119492, -65.38461450487375, 36),
(1779, 'Parada 27', -24.16515117722614, -65.38590598851441, 36),
(1780, 'Parada 28', -24.1663343760657, -65.38843397051096, 36),
(1781, 'Parada 29', -24.167148048326258, -65.39010599255562, 36),
(1782, 'Parada 30', -24.16931465485287, -65.3954466059804, 36),
(1783, 'Parada 31', -24.169548963054915, -65.39876617491245, 36),
(1784, 'Parada 32', -24.16967009349727, -65.3987530991435, 36),
(1785, 'Parada 33', -24.169490233102096, -65.39555355906487, 36),
(1786, 'Parada 34', -24.168762224152253, -65.39320964366198, 36),
(1787, 'Parada 35', -24.16800759872898, -65.39148431271315, 36),
(1788, 'Parada 36', -24.166931171527555, -65.38941331207752, 36),
(1789, 'Parada 37', -24.165263440875318, -65.3857034817338, 36),
(1790, 'Parada 38', -24.163831230733752, -65.38269437849522, 36),
(1791, 'Parada 39', -24.162950239156295, -65.38101933896542, 36),
(1792, 'Parada 40', -24.16677302559018, -65.37301562726498, 36),
(1793, 'Parada 41', -24.16757170645431, -65.36911703646183, 36),
(1794, 'Parada 42', -24.1708404034176, -65.36618303507566, 36),
(1795, 'Parada 43', -24.175475655184652, -65.35832516849041, 36),
(1796, 'Parada 44', -24.176479825396413, -65.35558126866817, 36),
(1797, 'Parada 45', -24.177429237666388, -65.34961570054293, 36),
(1798, 'Parada 46', -24.178497318027855, -65.3474260121584, 36),
(1799, 'Parada 47', -24.17910262077048, -65.34450005739927, 36),
(1800, 'Parada 48', -24.17981864218764, -65.34153420478107, 36),
(1801, 'Parada 49', -24.179361991658215, -65.33735699951649, 36),
(1802, 'Parada 50', -24.179499323436016, -65.33536076545715, 36),
(1803, 'Parada 51', -24.179167769403897, -65.33369410783052, 36),
(1804, 'Parada 52', -24.178928585056195, -65.33196173608303, 36),
(1805, 'Parada 53', -24.179076316617994, -65.32876420766117, 36),
(1806, 'Parada 54', -24.17974278876346, -65.32477643340826, 36),
(1807, 'Parada 55', -24.18186238561893, -65.31678546220064, 36),
(1808, 'Parada 56', -24.18217588721538, -65.31235948204994, 36),
(1809, 'Parada 57', -24.1847707332942, -65.31122960150242, 36),
(1810, 'Parada 58', -24.189080373402476, -65.30608378350735, 36),
(1811, 'Parada 59', -24.188777898977488, -65.30061677098274, 36),
(1812, 'Parada 60', -24.191102865962986, -65.29995627701283, 36),
(1813, 'Parada 61', -24.19203167873201, -65.30033279210329, 36),
(1814, 'Parada 1', -24.20893751888436, -65.26157788932322, 37),
(1815, 'Parada 2', -24.20994264881099, -65.26297263801098, 37),
(1816, 'Parada 3', -24.21113215953364, -65.26450786739588, 37),
(1817, 'Parada 4', -24.211997529251363, -65.26557873934506, 37),
(1818, 'Parada 5', -24.212368443871576, -65.26747640222312, 37),
(1819, 'Parada 6', -24.213888479234377, -65.27035240083933, 37),
(1820, 'Parada 7', -24.2156984, -65.2722281, 37),
(1821, 'Parada 8', -24.209158911127954, -65.28287798166274, 37),
(1822, 'Parada 9', -24.20305916951506, -65.28652008622885, 37),
(1823, 'Parada 10', -24.200225245292692, -65.28833493590355, 37),
(1824, 'Parada 11', -24.19712733655819, -65.29137387871742, 37),
(1825, 'Parada 12', -24.196100392253772, -65.29521111398935, 37),
(1826, 'Parada 13', -24.19335041609454, -65.29652740806341, 37),
(1827, 'Parada 14', -24.1931055, -65.2991109, 37),
(1828, 'Parada 15', -24.19274426346225, -65.30163533985615, 37),
(1829, 'Parada 16', -24.189023181629903, -65.30156794935465, 37),
(1830, 'Parada 17', -24.185488863832717, -65.2940510585904, 37),
(1831, 'Parada 18', -24.183298063689715, -65.2999334782362, 37),
(1832, 'Parada 19', -24.18171526899447, -65.30376870185137, 37),
(1833, 'Parada 20', -24.181027702978902, -65.30667085200548, 37),
(1834, 'Parada 21', -24.1801292, -65.3108962, 37),
(1835, 'Parada 22', -24.181635440567995, -65.31480196863413, 37),
(1836, 'Parada 23', -24.181635440567995, -65.31480230391026, 37),
(1837, 'Parada 24', -24.183542745175345, -65.311289280653, 37),
(1838, 'Parada 25', -24.189097806183682, -65.30469540506601, 37),
(1839, 'Parada 26', -24.19111448763309, -65.30187305063009, 37),
(1840, 'Parada 27', -24.191461913913763, -65.29902521520853, 37),
(1841, 'Parada 28', -24.191735939608357, -65.29691800475119, 37),
(1842, 'Parada 29', -24.19212832135798, -65.29386028647424, 37),
(1843, 'Parada 30', -24.19372352576767, -65.29007233679295, 37),
(1844, 'Parada 31', -24.195592421808215, -65.2889109402895, 37),
(1845, 'Parada 32', -24.197172291941826, -65.2878450974822, 37),
(1846, 'Parada 33', -24.19861513726489, -65.28682686388493, 37),
(1847, 'Parada 34', -24.20069313612008, -65.28535433113575, 37),
(1848, 'Parada 35', -24.203254272803388, -65.28379797935486, 37),
(1849, 'Parada 36', -24.204856371426942, -65.28299063444138, 37),
(1850, 'Parada 37', -24.207053528718777, -65.2821671962738, 37),
(1851, 'Parada 38', -24.208727746320783, -65.28093975037336, 37),
(1852, 'Parada 39', -24.21070528241291, -65.27935691177845, 37),
(1853, 'Parada 40', -24.21313993059175, -65.27607589960098, 37),
(1854, 'Parada 41', -24.217203689589144, -65.27108699083328, 37),
(1855, 'Parada 42', -24.217716771989966, -65.26879671961069, 37),
(1856, 'Parada 43', -24.21684073911005, -65.26770304888487, 37),
(1857, 'Parada 44', -24.215894983761917, -65.26645179837942, 37),
(1858, 'Parada 45', -24.21500884774352, -65.26525150984526, 37),
(1859, 'Parada 46', -24.213857289795406, -65.26383932679892, 37),
(1860, 'Parada 47', -24.21276962978031, -65.26249386370182, 37),
(1861, 'Parada 48', -24.211174663695896, -65.26044599711895, 37),
(1862, 'Parada 49', -24.21028237909876, -65.25930907577276, 37),
(1863, 'Parada 50', -24.209115794712876, -65.25811951607466, 37),
(1864, 'Parada 51', -24.20849014636744, -65.25875084102154, 37),
(1865, 'Parada 52', -24.208105459789483, -65.26055227965117, 37),
(1866, 'Parada 53', -24.208908468768612, -65.26154100894928, 37),
(1867, 'Parada 1', -24.22124560991531, -65.27273453772068, 38),
(1868, 'Parada 2', -24.208230528923544, -65.29569525271654, 38),
(1869, 'Parada 3', -24.206464871641845, -65.29916770756245, 38),
(1870, 'Parada 4', -24.20450103080926, -65.29971487820148, 38),
(1871, 'Parada 5', -24.201093747163252, -65.30304551124573, 38),
(1872, 'Parada 6', -24.201185489973074, -65.30395545065403, 38),
(1873, 'Parada 7', -24.201284572133517, -65.3053991496563, 38),
(1874, 'Parada 8', -24.197382083522513, -65.30935373157263, 38),
(1875, 'Parada 9', -24.197211130933955, -65.30711442232132, 38),
(1876, 'Parada 10', -24.197119385264205, -65.30532471835613, 38),
(1877, 'Parada 11', -24.196592458022536, -65.30210338532925, 38),
(1878, 'Parada 12', -24.191661010765973, -65.30239004641771, 38),
(1879, 'Parada 13', -24.189040308580537, -65.30165042728186, 38),
(1880, 'Parada 14', -24.185480605966173, -65.29409028589727, 38),
(1881, 'Parada 15', -24.183359539957102, -65.29975410550833, 38),
(1882, 'Parada 16', -24.18173729062056, -65.30360877513885, 38),
(1883, 'Parada 17', -24.181030455697204, -65.30661586672068, 38),
(1884, 'Parada 18', -24.180147747651088, -65.31070154160261, 38),
(1885, 'Parada 19', -24.181057677019435, -65.31473591923714, 38),
(1886, 'Parada 20', -24.189077009181283, -65.304896235466, 38),
(1887, 'Parada 21', -24.192295916624346, -65.30416902154684, 38),
(1888, 'Parada 22', -24.196304069178936, -65.3025322034955, 38),
(1889, 'Parada 23', -24.197013877662364, -65.30942481011152, 38),
(1890, 'Parada 24', -24.19886926962697, -65.30767198652029, 38),
(1891, 'Parada 25', -24.201853069831042, -65.30748557299376, 38),
(1892, 'Parada 26', -24.2067948257357, -65.30076563358307, 38),
(1893, 'Parada 27', -24.210826067989704, -65.2920689061284, 38),
(1894, 'Parada 28', -24.22114929512729, -65.2724726870656, 38),
(1895, 'Parada 1', -24.19871024582554, -65.30986670404671, 39),
(1896, 'Parada 2', -24.19883868814211, -65.30765857547522, 39),
(1897, 'Parada 3', -24.200285490155668, -65.30751340091228, 39),
(1898, 'Parada 4', -24.20203655429176, -65.30750971287489, 39),
(1899, 'Parada 5', -24.203667107930617, -65.3068582713604, 39),
(1900, 'Parada 6', -24.20571689098708, -65.30323125422001, 39),
(1901, 'Parada 7', -24.20696331910936, -65.30040521174669, 39),
(1902, 'Parada 8', -24.209723092661662, -65.29477793723345, 39),
(1903, 'Parada 9', -24.210294610595383, -65.29348980635405, 39),
(1904, 'Parada 10', -24.221282607004998, -65.27269765734673, 39),
(1905, 'Parada 11', -24.209524635593926, -65.29264021664858, 39),
(1906, 'Parada 12', -24.209157993757575, -65.29360011219978, 39),
(1907, 'Parada 13', -24.208724076826797, -65.2946337684989, 39),
(1908, 'Parada 14', -24.20654743669449, -65.29906276613474, 39),
(1909, 'Parada 15', -24.204438035725477, -65.30399970710276, 39),
(1910, 'Parada 16', -24.201404449212355, -65.30563216656446, 39),
(1911, 'Parada 17', -24.201340535171596, -65.30458576977254, 39),
(1912, 'Parada 18', -24.20126652940016, -65.30262339860201, 39),
(1913, 'Parada 19', -24.19648022193293, -65.30212014913559, 39),
(1914, 'Parada 20', -24.19483703757226, -65.30224453657867, 39),
(1915, 'Parada 21', -24.19163042755235, -65.30235417187214, 39),
(1916, 'Parada 22', -24.189041531934052, -65.30160147696733, 39),
(1917, 'Parada 23', -24.183301733915457, -65.29992040246725, 39),
(1918, 'Parada 24', -24.18169814106042, -65.30375629663467, 39),
(1919, 'Parada 25', -24.181048807151033, -65.30655786395073, 39),
(1920, 'Parada 26', -24.18014744179139, -65.31064823269844, 39),
(1921, 'Parada 27', -24.18108581590824, -65.3147553652525, 39),
(1922, 'Parada 28', -24.181066546887244, -65.31474530696869, 39),
(1923, 'Parada 29', -24.184322970128832, -65.31126949936152, 39),
(1924, 'Parada 30', -24.189096888668935, -65.30353602021933, 39),
(1925, 'Parada 31', -24.192453419274283, -65.30393365770578, 39),
(1926, 'Parada 32', -24.196281132604526, -65.30263379216194, 39),
(1927, 'Parada 33', -24.196354529628124, -65.3046390786767, 39),
(1928, 'Parada 34', -24.196418446168444, -65.30589234083891, 39),
(1929, 'Parada 35', -24.19648970236939, -65.30699372291565, 39),
(1930, 'Parada 36', -24.1965416918471, -65.30808471143246, 39),
(1931, 'Parada 37', -24.197099201207998, -65.30948381870985, 39),
(1932, 'Parada 38', -24.19871024582554, -65.30986670404671, 39),
(1933, 'Parada 1', -24.192025867938874, -65.30051719397306, 40),
(1934, 'Parada 2', -24.19122764594463, -65.30242122709751, 40),
(1935, 'Parada 3', -24.18904642534805, -65.3020279482007, 40),
(1936, 'Parada 4', -24.18468876583772, -65.29745444655418, 40),
(1937, 'Parada 5', -24.181795403226737, -65.3033972159028, 40),
(1938, 'Parada 6', -24.18114698738423, -65.3062292933464, 40),
(1939, 'Parada 7', -24.180207696138552, -65.31032636761665, 40),
(1940, 'Parada 8', -24.17988623733816, -65.31358893960714, 40),
(1941, 'Parada 9', -24.17964368986713, -65.31678546220064, 40),
(1942, 'Parada 10', -24.179482806927112, -65.31895603984594, 40),
(1943, 'Parada 11', -24.179591693501855, -65.32457627356052, 40),
(1944, 'Parada 12', -24.178929808506695, -65.3285801410675, 40),
(1945, 'Parada 13', -24.178976299616593, -65.33340409398079, 40),
(1946, 'Parada 14', -24.179306630699315, -65.3351180255413, 40),
(1947, 'Parada 15', -24.179115772844696, -65.33742975443602, 40),
(1948, 'Parada 16', -24.17943784530876, -65.3411003574729, 40),
(1949, 'Parada 17', -24.178877505987785, -65.3442968800664, 40),
(1950, 'Parada 18', -24.17704996299333, -65.3510969504714, 40),
(1951, 'Parada 19', -24.176445262252063, -65.35488188266754, 40),
(1952, 'Parada 20', -24.17055501518672, -65.36613710224628, 40),
(1953, 'Parada 21', -24.167345959554538, -65.36903824657203, 40),
(1954, 'Parada 22', -24.168488760894363, -65.37073843181133, 40),
(1955, 'Parada 23', -24.1667198004144, -65.37288285791874, 40),
(1956, 'Parada 24', -24.163783510512317, -65.37728872150183, 40),
(1957, 'Parada 25', -24.16270490639211, -65.38085773587228, 40),
(1958, 'Parada 26', -24.163498106508086, -65.38247779011726, 40),
(1959, 'Parada 27', -24.164477593258475, -65.38456119596958, 40),
(1960, 'Parada 28', -24.16515117722614, -65.38590598851441, 40),
(1961, 'Parada 29', -24.146502112029047, -65.39200399070978, 40),
(1962, 'Parada 30', -24.141422790351108, -65.393822863698, 40),
(1963, 'Parada 31', -24.139882310478246, -65.39435259997845, 40),
(1964, 'Parada 32', -24.13458701794883, -65.39819050580263, 40),
(1965, 'Parada 33', -24.121766282324888, -65.40441054850817, 40),
(1966, 'Parada 34', -24.120102552354602, -65.4043984785676, 40),
(1967, 'Parada 35', -24.119625492078683, -65.40947455912828, 40),
(1968, 'Parada 36', -24.12068150958216, -65.4147994145751, 40),
(1969, 'Parada 37', -24.12096517318732, -65.42242627590895, 40),
(1970, 'Parada 38', -24.120602255021293, -65.43105393648148, 40),
(1971, 'Parada 39', -24.120256472000012, -65.43829455971718, 40),
(1972, 'Parada 40', -24.121834826189293, -65.45112691819668, 40),
(1973, 'Parada 41', -24.121825340210236, -65.45312952250242, 40),
(1974, 'Parada 42', -24.122139601141768, -65.45312214642763, 40),
(1975, 'Parada 43', -24.121754042345234, -65.44893153011799, 40),
(1976, 'Parada 44', -24.119431791022823, -65.43868448585272, 40),
(1977, 'Parada 45', -24.120446805778656, -65.40464088320732, 40),
(1978, 'Parada 46', -24.121914385985857, -65.40377654135227, 40),
(1979, 'Parada 47', -24.12390428280554, -65.40366623550653, 40),
(1980, 'Parada 48', -24.139978074713508, -65.39444580674171, 40),
(1981, 'Parada 49', -24.144140537084656, -65.39302457123995, 40),
(1982, 'Parada 50', -24.146331091290424, -65.39224572479725, 40),
(1983, 'Parada 51', -24.150584820034798, -65.39088517427444, 40),
(1984, 'Parada 52', -24.15702969575335, -65.38583222776651, 40),
(1985, 'Parada 53', -24.164685909115704, -65.38726586848497, 40),
(1986, 'Parada 54', -24.165263440875318, -65.3857034817338, 40),
(1987, 'Parada 55', -24.163831230733752, -65.38269437849522, 40),
(1988, 'Parada 56', -24.162924543477402, -65.38092277944088, 40),
(1989, 'Parada 57', -24.16677302559018, -65.37301562726498, 40),
(1990, 'Parada 58', -24.16769681533664, -65.36909122020008, 40),
(1991, 'Parada 59', -24.1708404034176, -65.36618303507566, 40),
(1992, 'Parada 60', -24.175475655184652, -65.35832516849041, 40),
(1993, 'Parada 61', -24.176479825396413, -65.35558126866817, 40),
(1994, 'Parada 62', -24.177429237666388, -65.34961570054293, 40),
(1995, 'Parada 63', -24.178497318027855, -65.3474260121584, 40),
(1996, 'Parada 64', -24.17910262077048, -65.34450005739927, 40),
(1997, 'Parada 65', -24.17981864218764, -65.34153420478107, 40),
(1998, 'Parada 66', -24.179383707828897, -65.33744383603334, 40),
(1999, 'Parada 67', -24.179499323436016, -65.33536076545715, 40),
(2000, 'Parada 68', -24.17915981699033, -65.33349361270666, 40),
(2001, 'Parada 69', -24.178928585056195, -65.33196173608303, 40),
(2002, 'Parada 70', -24.179094974215097, -65.32881114631891, 40),
(2003, 'Parada 71', -24.17974278876346, -65.32477643340826, 40),
(2004, 'Parada 72', -24.181829047355063, -65.31672611832619, 40),
(2005, 'Parada 73', -24.182173746231474, -65.3124476596713, 40),
(2006, 'Parada 74', -24.18478877836151, -65.3112430125475, 40),
(2007, 'Parada 75', -24.189080373402476, -65.30608378350735, 40),
(2008, 'Parada 76', -24.188777898977488, -65.30061677098274, 40),
(2009, 'Parada 77', -24.19087471401419, -65.30000388622284, 40),
(2010, 'Parada 78', -24.192009964714206, -65.30051752924919, 40),
(2011, 'Parada 1', -24.192070825120982, -65.30034184455872, 41),
(2012, 'Parada 2', -24.191224281780045, -65.3024423494935, 41),
(2013, 'Parada 3', -24.18902165243776, -65.30186735093594, 41),
(2014, 'Parada 4', -24.185582452949262, -65.29389549046755, 41),
(2015, 'Parada 5', -24.184707116765384, -65.29746349900961, 41),
(2016, 'Parada 6', -24.181822012674424, -65.30338816344738, 41),
(2017, 'Parada 7', -24.181152798672926, -65.30620481818914, 41),
(2018, 'Parada 8', -24.18023400005783, -65.31027507036924, 41),
(2019, 'Parada 9', -24.179840664141064, -65.31444355845451, 41),
(2020, 'Parada 10', -24.179496570684663, -65.31894564628601, 41),
(2021, 'Parada 11', -24.179555601894688, -65.32468054443598, 41),
(2022, 'Parada 12', -24.178921244353013, -65.3287497907877, 41),
(2023, 'Parada 13', -24.178694905797634, -65.33168580383062, 41),
(2024, 'Parada 14', -24.179360156488684, -65.33530309796333, 41),
(2025, 'Parada 15', -24.17912770146897, -65.3374046087265, 41),
(2026, 'Parada 16', -24.17943784530876, -65.3411003574729, 41),
(2027, 'Parada 17', -24.178882705654367, -65.34417416900396, 41),
(2028, 'Parada 18', -24.17704996299333, -65.3510969504714, 41),
(2029, 'Parada 19', -24.176535187581596, -65.35472195595503, 41),
(2030, 'Parada 20', -24.170692356440703, -65.36607507616282, 41),
(2031, 'Parada 21', -24.167685191533668, -65.368876978755, 41),
(2032, 'Parada 22', -24.168541679445234, -65.37078402936459, 41),
(2033, 'Parada 23', -24.1667198004144, -65.37288285791874, 41),
(2034, 'Parada 24', -24.163836736912, -65.37728369235992, 41),
(2035, 'Parada 25', -24.162712553929282, -65.3807507827878, 41),
(2036, 'Parada 26', -24.163498106508086, -65.38247779011726, 41),
(2037, 'Parada 27', -24.16452959578035, -65.38463059812784, 41),
(2038, 'Parada 28', -24.16515117722614, -65.38590598851441, 41),
(2039, 'Parada 29', -24.15942927116692, -65.38794882595539, 41),
(2040, 'Parada 30', -24.15741790141035, -65.38574069738388, 41),
(2041, 'Parada 31', -24.15342535333958, -65.38855232298374, 41),
(2042, 'Parada 32', -24.15252073370014, -65.38948070257901, 41),
(2043, 'Parada 33', -24.14673248486259, -65.3919406235218, 41),
(2044, 'Parada 34', -24.14417113167564, -65.39287470281124, 41),
(2045, 'Parada 35', -24.141561386736353, -65.39381682872772, 41),
(2046, 'Parada 36', -24.139941359999206, -65.3943294659257, 41),
(2047, 'Parada 37', -24.13447411540851, -65.39829444140196, 41),
(2048, 'Parada 38', -24.121723136391402, -65.40446452796459, 41),
(2049, 'Parada 39', -24.120029417507915, -65.40438070893288, 41),
(2050, 'Parada 40', -24.090384331885268, -65.40729962289333, 41),
(2051, 'Parada 41', -24.08606065085942, -65.40643025189637, 41),
(2052, 'Parada 42', -24.08616594398918, -65.40313750505447, 41),
(2053, 'Parada 43', -24.088182413166635, -65.40317337960005, 41),
(2054, 'Parada 44', -24.08901647773863, -65.40426772087811, 41),
(2055, 'Parada 45', -24.089944196028714, -65.40434550493956, 41),
(2056, 'Parada 46', -24.09089180236651, -65.40443535894156, 41),
(2057, 'Parada 47', -24.084205763517968, -65.40522560477255, 41),
(2058, 'Parada 48', -24.082819783969992, -65.40430795401335, 41),
(2059, 'Parada 49', -24.081585918985738, -65.40432907640934, 41),
(2060, 'Parada 50', -24.080378978785294, -65.40480516850948, 41),
(2061, 'Parada 51', -24.078700018220026, -65.40608156472445, 41),
(2062, 'Parada 52', -24.077351324036982, -65.40709611028433, 41),
(2063, 'Parada 53', -24.07729653112277, -65.40835607796907, 41),
(2064, 'Parada 54', -24.07937925760375, -65.40799465030432, 41),
(2065, 'Parada 55', -24.07841870982349, -65.40975484997033, 41),
(2066, 'Parada 56', -24.066888513917768, -65.4164519906044, 41),
(2067, 'Parada 57', -24.055142664594936, -65.42103588581085, 41),
(2068, 'Parada 58', -24.040301074967964, -65.42957402765751, 41),
(2069, 'Parada 59', -24.038063389821357, -65.43067239224911, 41),
(2070, 'Parada 60', -24.035828421536593, -65.43178115040064, 41),
(2071, 'Parada 61', -24.03364669489504, -65.43225388973951, 41),
(2072, 'Parada 62', -24.032487379181166, -65.43291974812746, 41),
(2073, 'Parada 63', -24.032843197742082, -65.43289460241795, 41),
(2074, 'Parada 64', -24.035893030701068, -65.43196488171816, 41),
(2075, 'Parada 65', -24.038131059853455, -65.43097414076328, 41),
(2076, 'Parada 66', -24.03987179028109, -65.43018490076065, 41),
(2077, 'Parada 67', -24.07403983089058, -65.41326217353344, 41),
(2078, 'Parada 68', -24.07764794002089, -65.40810763835907, 41),
(2079, 'Parada 69', -24.077642736237614, -65.40710750967264, 41),
(2080, 'Parada 70', -24.07896020497969, -65.40608894079924, 41),
(2081, 'Parada 71', -24.080407445930764, -65.40508512407543, 41),
(2082, 'Parada 72', -24.083033742479934, -65.40470223873854, 41),
(2083, 'Parada 73', -24.085742016181086, -65.40665253996849, 41),
(2084, 'Parada 74', -24.090532471847446, -65.40751855820417, 41),
(2085, 'Parada 75', -24.120512902330095, -65.40460869669914, 41),
(2086, 'Parada 76', -24.122004655695136, -65.40484338998795, 41),
(2087, 'Parada 77', -24.13991351800049, -65.39449844509363, 41),
(2088, 'Parada 78', -24.144140537084656, -65.39302457123995, 41),
(2089, 'Parada 79', -24.146331091290424, -65.39224572479725, 41),
(2090, 'Parada 80', -24.150584820034798, -65.39088517427444, 41),
(2091, 'Parada 81', -24.15702969575335, -65.38583222776651, 41),
(2092, 'Parada 82', -24.164685909115704, -65.38726586848497, 41),
(2093, 'Parada 83', -24.165263440875318, -65.3857034817338, 41),
(2094, 'Parada 84', -24.163831230733752, -65.38269437849522, 41),
(2095, 'Parada 85', -24.162924543477402, -65.38092277944088, 41),
(2096, 'Parada 86', -24.16677302559018, -65.37301562726498, 41),
(2097, 'Parada 87', -24.16769681533664, -65.36909122020008, 41),
(2098, 'Parada 88', -24.1708404034176, -65.36618303507566, 41),
(2099, 'Parada 89', -24.175475655184652, -65.35832516849041, 41),
(2100, 'Parada 90', -24.176479825396413, -65.35558126866817, 41),
(2101, 'Parada 91', -24.177429237666388, -65.34961570054293, 41),
(2102, 'Parada 92', -24.178584795003914, -65.34736935049295, 41),
(2103, 'Parada 93', -24.17910262077048, -65.34450005739927, 41),
(2104, 'Parada 94', -24.17981864218764, -65.34153420478107, 41),
(2105, 'Parada 95', -24.179383707828897, -65.33744383603334, 41),
(2106, 'Parada 96', -24.179499323436016, -65.33536076545715, 41),
(2107, 'Parada 97', -24.17915981699033, -65.33349361270666, 41),
(2108, 'Parada 98', -24.178928585056195, -65.33196173608303, 41),
(2109, 'Parada 99', -24.179258916262413, -65.32852515578271, 41),
(2110, 'Parada 100', -24.17974278876346, -65.32477643340826, 41),
(2111, 'Parada 101', -24.181883795508558, -65.31638883054256, 41),
(2112, 'Parada 102', -24.18219668534282, -65.31230047345161, 41),
(2113, 'Parada 103', -24.184845054487198, -65.31120982021093, 41),
(2114, 'Parada 104', -24.189095053639438, -65.30622728168964, 41),
(2115, 'Parada 105', -24.18876750045063, -65.30045785009861, 41),
(2116, 'Parada 106', -24.190980838362844, -65.30002601444721, 41),
(2117, 'Parada 107', -24.192043606148683, -65.30031032860279, 41),
(2118, 'Parada 1', -24.192024338782744, -65.30058894306421, 42),
(2119, 'Parada 2', -24.19128024923364, -65.30242927372456, 42),
(2120, 'Parada 3', -24.18902654585252, -65.30184354633094, 42),
(2121, 'Parada 4', -24.185555232592378, -65.29386665672064, 42),
(2122, 'Parada 5', -24.18463860662197, -65.29744606465101, 42),
(2123, 'Parada 6', -24.181772464043252, -65.3034408017993, 42),
(2124, 'Parada 7', -24.181123742226806, -65.3061394393444, 42),
(2125, 'Parada 8', -24.18020647270032, -65.31042829155922, 42),
(2126, 'Parada 9', -24.179895413147694, -65.31332038342953, 42),
(2127, 'Parada 10', -24.179649195363393, -65.31609881669283, 42),
(2128, 'Parada 11', -24.179448856318807, -65.31916189938784, 42),
(2129, 'Parada 12', -24.179555601894688, -65.32468054443598, 42),
(2130, 'Parada 13', -24.178921244353013, -65.3287497907877, 42),
(2131, 'Parada 14', -24.178694905797634, -65.33168580383062, 42),
(2132, 'Parada 15', -24.179033495893055, -65.33362235873938, 42),
(2133, 'Parada 16', -24.179313359656923, -65.3352789580822, 42),
(2134, 'Parada 17', -24.179142994575393, -65.33746596425772, 42),
(2135, 'Parada 18', -24.1794592556052, -65.34117914736271, 42),
(2136, 'Parada 19', -24.17893623162157, -65.3444655239582, 42),
(2137, 'Parada 20', -24.178278319461178, -65.34742400050163, 42),
(2138, 'Parada 21', -24.177012035464024, -65.35113885998726, 42),
(2139, 'Parada 22', -24.176535187581596, -65.35472195595503, 42),
(2140, 'Parada 23', -24.170421344381154, -65.36630775779486, 42),
(2141, 'Parada 24', -24.167565588657418, -65.36887094378471, 42),
(2142, 'Parada 25', -24.168541679445234, -65.37078402936459, 42),
(2143, 'Parada 26', -24.1667198004144, -65.37288285791874, 42),
(2144, 'Parada 27', -24.163836736912, -65.37728369235992, 42),
(2145, 'Parada 28', -24.162653820832062, -65.38076821714638, 42),
(2146, 'Parada 29', -24.163545520936687, -65.38262497633696, 42),
(2147, 'Parada 30', -24.16452959578035, -65.38463059812784, 42),
(2148, 'Parada 31', -24.165171060440947, -65.38610145449638, 42),
(2149, 'Parada 32', -24.16629705713841, -65.38845609873533, 42),
(2150, 'Parada 33', -24.167100635235297, -65.39008554071188, 42),
(2151, 'Parada 34', -24.16930150176873, -65.39565816521645, 42),
(2152, 'Parada 35', -24.169548963054915, -65.39876617491245, 42),
(2153, 'Parada 36', -24.170513415134078, -65.40144771337509, 42),
(2154, 'Parada 37', -24.17315713271148, -65.40619656443596, 42),
(2155, 'Parada 38', -24.174567215381234, -65.40909133851528, 42),
(2156, 'Parada 39', -24.17564877799617, -65.41122000664474, 42),
(2157, 'Parada 40', -24.189261123702348, -65.44038031250238, 42),
(2158, 'Parada 41', -24.187163976297185, -65.4470794647932, 42),
(2159, 'Parada 42', -24.18594488074311, -65.45011136680841, 42),
(2160, 'Parada 43', -24.185179958091393, -65.45188598334789, 42),
(2161, 'Parada 44', -24.184642582658068, -65.45308962464333, 42),
(2162, 'Parada 45', -24.179647054337092, -65.46280559152366, 42),
(2163, 'Parada 46', -24.175505324658424, -65.47356829047203, 42),
(2164, 'Parada 47', -24.1753221079009, -65.47518264502287, 42),
(2165, 'Parada 48', -24.17044795620029, -65.49019128084181, 42),
(2166, 'Parada 49', -24.1704984268765, -65.49014300107956, 42),
(2167, 'Parada 50', -24.184858205969523, -65.45302793383597, 42),
(2168, 'Parada 51', -24.186046421509992, -65.45026324689388, 42),
(2169, 'Parada 52', -24.186783813027976, -65.44847354292868, 42),
(2170, 'Parada 53', -24.187316897646692, -65.44709220528603, 42),
(2171, 'Parada 54', -24.17475135084027, -65.40903434157372, 42),
(2172, 'Parada 55', -24.169711082055283, -65.39857473224401, 42),
(2173, 'Parada 56', -24.169490233102096, -65.39555355906487, 42),
(2174, 'Parada 57', -24.168762224152253, -65.39320964366198, 42),
(2175, 'Parada 58', -24.16800759872898, -65.39148431271315, 42),
(2176, 'Parada 59', -24.166926583156883, -65.38936100900173, 42),
(2177, 'Parada 60', -24.16518819059277, -65.38569375872613, 42),
(2178, 'Parada 61', -24.163831230733752, -65.38269437849522, 42),
(2179, 'Parada 62', -24.162950239156295, -65.38101933896542, 42),
(2180, 'Parada 63', -24.16677302559018, -65.37301562726498, 42),
(2181, 'Parada 64', -24.16757170645431, -65.36911703646183, 42),
(2182, 'Parada 65', -24.1708404034176, -65.36618303507566, 42),
(2183, 'Parada 66', -24.175475655184652, -65.35832516849041, 42),
(2184, 'Parada 67', -24.176479825396413, -65.35558126866817, 42),
(2185, 'Parada 68', -24.177429237666388, -65.34961570054293, 42),
(2186, 'Parada 69', -24.178497318027855, -65.3474260121584, 42),
(2187, 'Parada 70', -24.17910262077048, -65.34450005739927, 42),
(2188, 'Parada 71', -24.17981864218764, -65.34153420478107, 42),
(2189, 'Parada 72', -24.17937942576737, -65.33735498785973, 42),
(2190, 'Parada 73', -24.179499323436016, -65.33536076545715, 42),
(2191, 'Parada 74', -24.179200802501086, -65.33362571150064, 42),
(2192, 'Parada 75', -24.178928585056195, -65.33196173608303, 42),
(2193, 'Parada 76', -24.179070811097024, -65.3290582448244, 42),
(2194, 'Parada 77', -24.17974278876346, -65.32477643340826, 42),
(2195, 'Parada 78', -24.18186758516387, -65.31654942780733, 42),
(2196, 'Parada 79', -24.182165794005257, -65.31239602714777, 42),
(2197, 'Parada 80', -24.18483618488209, -65.31122624874115, 42),
(2198, 'Parada 81', -24.189073644959976, -65.30596241354941, 42),
(2199, 'Parada 82', -24.1887564902448, -65.30029926449062, 42),
(2200, 'Parada 83', -24.192018222158044, -65.30036464333534, 42),
(2201, 'Parada 84', -24.190900404066337, -65.29993079602717, 42),
(2202, 'Parada 1', -24.19203687786249, -65.30047528445722, 43),
(2203, 'Parada 2', -24.191145376803767, -65.30239842832088, 43),
(2204, 'Parada 3', -24.189027157529353, -65.3020802512765, 43);

-- --------------------------------------------------------

--
-- Estructura de tabla para la tabla `mc_personas`
--

CREATE TABLE `mc_personas` (
  `id` int(8) NOT NULL,
  `nombre` varchar(255) DEFAULT NULL,
  `apellido` varchar(255) DEFAULT NULL,
  `cuil` varchar(11) DEFAULT NULL,
  `dni` varchar(20) DEFAULT NULL,
  `fecha_nacimiento` date DEFAULT NULL,
  `fecha_creacion` datetime DEFAULT NULL,
  `fecha_actualizacion` datetime DEFAULT NULL,
  `email` varchar(150) DEFAULT NULL
) ENGINE=InnoDB DEFAULT CHARSET=utf8;

--
-- Volcado de datos para la tabla `mc_personas`
--

INSERT INTO `mc_personas` (`id`, `nombre`, `apellido`, `cuil`, `dni`, `fecha_nacimiento`, `fecha_creacion`, `fecha_actualizacion`, `email`) VALUES
(1, 'Mateo Ezequiel', 'Cruz', '20306662423', '30666242', '1984-05-19', '2017-12-04 00:00:00', '2019-11-15 14:24:16', 'noahtecnologias@gmail.com'),
(4592, 'Joel', 'Martinez', '20328772060', '32877206', '1987-09-07', '2019-11-15 14:17:48', '2019-11-25 18:27:09', 'josuej.salazar@gmail.com'),
(4593, 'test', 'test', '20320022763', '32002276', NULL, '2019-11-25 18:25:36', NULL, 'test@gmail.com');

-- --------------------------------------------------------

--
-- Estructura de tabla para la tabla `mc_publicidades`
--

CREATE TABLE `mc_publicidades` (
  `id` int(11) NOT NULL,
  `titulo_publicidad` varchar(100) NOT NULL,
  `descripcion_publicidad` varchar(200) NOT NULL,
  `nombre_archivo` varchar(200) DEFAULT NULL,
  `ruta_archivo` varchar(200) DEFAULT NULL,
  `tipo_archivo` varchar(200) DEFAULT NULL,
  `duracion_publicidad` int(11) NOT NULL,
  `tipo_publicidad` tinyint(1) NOT NULL,
  `estado` tinyint(1) NOT NULL,
  `url_publicidad` varchar(200) DEFAULT NULL
) ENGINE=InnoDB DEFAULT CHARSET=latin1;

--
-- Volcado de datos para la tabla `mc_publicidades`
--

INSERT INTO `mc_publicidades` (`id`, `titulo_publicidad`, `descripcion_publicidad`, `nombre_archivo`, `ruta_archivo`, `tipo_archivo`, `duracion_publicidad`, `tipo_publicidad`, `estado`, `url_publicidad`) VALUES
(9, 'test', 'test', 'floreria.png', '/web/uploads/multimedia/floreria.png', 'image/png', 4, 1, 1, 'http://test.com');

-- --------------------------------------------------------

--
-- Estructura de tabla para la tabla `mc_roles`
--

CREATE TABLE `mc_roles` (
  `id` int(11) NOT NULL,
  `nombre` varchar(45) COLLATE utf8_unicode_ci NOT NULL,
  `descripcion` varchar(100) COLLATE utf8_unicode_ci DEFAULT NULL
) ENGINE=InnoDB DEFAULT CHARSET=utf8 COLLATE=utf8_unicode_ci;

--
-- Volcado de datos para la tabla `mc_roles`
--

INSERT INTO `mc_roles` (`id`, `nombre`, `descripcion`) VALUES
(1, 'ROLE_ADMIN', 'ADMINISTRADOR');

-- --------------------------------------------------------

--
-- Estructura de tabla para la tabla `mc_usuarios`
--

CREATE TABLE `mc_usuarios` (
  `id` int(11) NOT NULL,
  `usuario` varchar(45) COLLATE utf8_unicode_ci NOT NULL,
  `password` varchar(100) COLLATE utf8_unicode_ci NOT NULL,
  `salt` varchar(150) COLLATE utf8_unicode_ci NOT NULL,
  `estado` tinyint(1) DEFAULT NULL,
  `fecha_creacion` datetime NOT NULL DEFAULT CURRENT_TIMESTAMP,
  `fecha_actualizacion` datetime DEFAULT CURRENT_TIMESTAMP,
  `id_persona` int(11) NOT NULL
) ENGINE=InnoDB DEFAULT CHARSET=utf8 COLLATE=utf8_unicode_ci;

--
-- Volcado de datos para la tabla `mc_usuarios`
--

INSERT INTO `mc_usuarios` (`id`, `usuario`, `password`, `salt`, `estado`, `fecha_creacion`, `fecha_actualizacion`, `id_persona`) VALUES
(1, 'mcruz', '$2y$04$M1.MkoZianLWp15oanhkuuPxWmWEa2kqSNURg6yzaKuM.eXxWfn8K', '', 1, '2019-01-01 00:00:00', '2019-11-15 14:24:16', 1),
(2, 'josuesmith', '$2y$04$89Ix0sW8MR/HTuyko1y83eH7YnbPn.6VShM9/keAwP3aVmI3O4XIy', '', 1, '2019-11-15 14:17:48', '2019-11-25 18:27:09', 4592),
(3, 'test', '$2y$04$2Tuq2MUowqjVwZT74AAwFedu37YiC.cO7hM5/lqnrAuOgpG1vuMVS', '', 1, '2019-11-25 18:25:36', NULL, 4593);

-- --------------------------------------------------------

--
-- Estructura de tabla para la tabla `mc_usuarios_roles`
--

CREATE TABLE `mc_usuarios_roles` (
  `usuario_id` int(11) NOT NULL,
  `rol_id` int(11) NOT NULL
) ENGINE=InnoDB DEFAULT CHARSET=utf8 COLLATE=utf8_unicode_ci;

--
-- Volcado de datos para la tabla `mc_usuarios_roles`
--

INSERT INTO `mc_usuarios_roles` (`usuario_id`, `rol_id`) VALUES
(1, 1),
(2, 1),
(3, 1);

--
-- Índices para tablas volcadas
--

--
-- Indices de la tabla `mc_empresas`
--
ALTER TABLE `mc_empresas`
  ADD PRIMARY KEY (`id`);

--
-- Indices de la tabla `mc_lineas_colectivos`
--
ALTER TABLE `mc_lineas_colectivos`
  ADD PRIMARY KEY (`id`),
  ADD KEY `id_empresa` (`id_empresa`);

--
-- Indices de la tabla `mc_paradas_colectivos`
--
ALTER TABLE `mc_paradas_colectivos`
  ADD PRIMARY KEY (`id`),
  ADD KEY `id_linea` (`id_linea`);

--
-- Indices de la tabla `mc_personas`
--
ALTER TABLE `mc_personas`
  ADD PRIMARY KEY (`id`);

--
-- Indices de la tabla `mc_publicidades`
--
ALTER TABLE `mc_publicidades`
  ADD PRIMARY KEY (`id`);

--
-- Indices de la tabla `mc_roles`
--
ALTER TABLE `mc_roles`
  ADD PRIMARY KEY (`id`);

--
-- Indices de la tabla `mc_usuarios`
--
ALTER TABLE `mc_usuarios`
  ADD PRIMARY KEY (`id`);

--
-- Indices de la tabla `mc_usuarios_roles`
--
ALTER TABLE `mc_usuarios_roles`
  ADD PRIMARY KEY (`usuario_id`,`rol_id`),
  ADD KEY `IDX_F680F5D3DB38439E` (`usuario_id`),
  ADD KEY `IDX_F680F5D34BAB96C` (`rol_id`);

--
-- AUTO_INCREMENT de las tablas volcadas
--

--
-- AUTO_INCREMENT de la tabla `mc_empresas`
--
ALTER TABLE `mc_empresas`
  MODIFY `id` int(11) NOT NULL AUTO_INCREMENT, AUTO_INCREMENT=6;

--
-- AUTO_INCREMENT de la tabla `mc_lineas_colectivos`
--
ALTER TABLE `mc_lineas_colectivos`
  MODIFY `id` int(11) NOT NULL AUTO_INCREMENT, AUTO_INCREMENT=44;

--
-- AUTO_INCREMENT de la tabla `mc_paradas_colectivos`
--
ALTER TABLE `mc_paradas_colectivos`
  MODIFY `id` int(11) NOT NULL AUTO_INCREMENT, AUTO_INCREMENT=2205;

--
-- AUTO_INCREMENT de la tabla `mc_personas`
--
ALTER TABLE `mc_personas`
  MODIFY `id` int(8) NOT NULL AUTO_INCREMENT, AUTO_INCREMENT=4594;

--
-- AUTO_INCREMENT de la tabla `mc_publicidades`
--
ALTER TABLE `mc_publicidades`
  MODIFY `id` int(11) NOT NULL AUTO_INCREMENT, AUTO_INCREMENT=10;

--
-- AUTO_INCREMENT de la tabla `mc_roles`
--
ALTER TABLE `mc_roles`
  MODIFY `id` int(11) NOT NULL AUTO_INCREMENT, AUTO_INCREMENT=2;

--
-- AUTO_INCREMENT de la tabla `mc_usuarios`
--
ALTER TABLE `mc_usuarios`
  MODIFY `id` int(11) NOT NULL AUTO_INCREMENT, AUTO_INCREMENT=4;

--
-- Restricciones para tablas volcadas
--

--
-- Filtros para la tabla `mc_lineas_colectivos`
--
ALTER TABLE `mc_lineas_colectivos`
  ADD CONSTRAINT `mc_lineas_colectivos_ibfk_1` FOREIGN KEY (`id_empresa`) REFERENCES `mc_empresas` (`id`);

--
-- Filtros para la tabla `mc_paradas_colectivos`
--
ALTER TABLE `mc_paradas_colectivos`
  ADD CONSTRAINT `mc_paradas_colectivos_ibfk_1` FOREIGN KEY (`id_linea`) REFERENCES `mc_lineas_colectivos` (`id`);
